LoginID,PassengerID,Username,Password
205,1,rcorss0,6QJPCQwBu5n
11,2,aboxe1,PrwGOTube4ky
324,3,hbateson2,cA7lI4fKP
764,4,pomohun3,qtfxFIYb8gX
1282,5,aduffrie4,isJSb0mku8Dy
604,6,ctregea5,bQAHR8HZ4
1511,7,rloan6,NogjmsgcNEu
1762,8,cjosefsson7,6b1s4iP
1481,9,sszanto8,1gt4xV
1809,10,kmochan9,mmwQTF
497,11,ocrankshawa,X7ZzWZHiDQ7t
879,12,mfriseb,Q4pcSX9wZY
1098,13,amcpaikec,J0RLZWUDIe0g
174,14,lguittd,0uohEVuPgN5
859,15,dcarahere,ahO2ssAucC
535,16,cossennaf,oyrpX90sg6
592,17,wgaunterg,uzLHC7
1536,18,cparsonsonh,TJcqJlAlycAL
1457,19,mbarnbrooki,aMvH0LaL4DB
1513,20,bmithanj,F4V0cW
1167,21,bmackenneyk,CMPOX06
1434,22,rcardel,I7fCbzS08zJ
264,23,bhotsonm,lghYAyV
487,24,hschustn,LAFL0cTM
942,25,mruleo,E4Am85Zjp2Y
1461,26,bentwhistlep,zW2xpzI2N
1648,27,wamesburyq,v9n5XKIPrYQW
1791,28,laudibertr,U9FrfwUV6
25,29,ebouldens,3E0pMoveKC
1037,30,mgrayhamt,XP4Gv1c
71,31,rliccardou,Hf3PHY3aytwN
1500,32,hcompfortv,6kx1YPsn
456,33,nrosierw,rRPvnUUaJbA
1561,34,hquarrellx,tw5fHvxCSe2F
106,35,ddimmery,jxvCMLqZrwz
890,36,owitseyz,oPWCpiKRe2
1136,37,zeloi10,KpxbZB
87,38,kviccars11,LbH98pIYqzwS
189,39,dwych12,MLCxsiOsGz
1873,40,edunnan13,wZcAobdGiokn
263,41,gfrench14,k2hREnIJHy
1371,42,chorsefield15,FGZuKW64P
683,43,vdaid16,Nj370kMmb
672,44,gdrife17,AHMbPHq
1494,45,tbarthorpe18,F16wpncjvKjm
907,46,tgres19,3rouRPrE
1488,47,rgriniov1a,6MNlnr
1862,48,iniland1b,91UJz8
1770,49,gflinn1c,hY48klyq4xs
1492,50,pgrzesiak1d,lLcovG
1681,51,lesler1e,Qpkg143e
1329,52,rfever1f,cqUIDNXoYYUc
1214,53,rwakeley1g,q4xlNdwRNx0L
1616,54,ffisbburne1h,sKIXHBY
1510,55,lbeetlestone1i,yK1BVeBbQ99y
30,56,hputton1j,Vf200cozOMNV
1793,57,jaymer1k,uq9EkjXExDw
1521,58,mgatsby1l,SX9fJmRaCAD
1228,59,rmacy1m,4gr6wIyAp
1238,60,nclace1n,0478imSbS
648,61,fsidgwick1o,jRNswzNzTj
43,62,ochallender1p,rHnFqFBf
1992,63,rswepstone1q,tqEIb3UPNc
944,64,mgerriet1r,ADvPtG
843,65,dstirland1s,mbUYi50Esqjh
467,66,hbremond1t,QIPrVBGP
66,67,feddowis1u,6FDpjzVm
1273,68,ntoffler1v,94IJA9SKHt
1884,69,hcappleman1w,bvTFBX7jf5c1
640,70,mblacksell1x,7Ovlpqd3x3
1283,71,hdeakin1y,7XU5YNhuO
1798,72,jcalkin1z,kcFBs8phM
1356,73,cshawell20,belINvR
1352,74,rwhatham21,or4K1t7p9
1825,75,biacobetto22,ZtOszMwEw
1249,76,cballintyne23,Kb3J5c
1950,77,wdobby24,QFRZbZ8QTOGB
1720,78,mcavan25,KkogK5oMY8
264,79,dhillett26,QEBChYY4RjY
787,80,aklejin27,XmTa2FVLWVuv
1048,81,tsaville28,UjhTOQe
1766,82,cblewmen29,hB2tj5ft
1664,83,wgalland2a,oEJbkp8CNT93
1335,84,iswinden2b,6fCmZB3NP
1819,85,apuddle2c,PXKj0dBv5i
777,86,eskep2d,x0MC9W474L1i
1289,87,dsiverns2e,WJpnePhQL
109,88,rdeyes2f,5P89jgv76
1258,89,pjaumet2g,ykQsgHBUWx8
243,90,jskea2h,wyxkMYbfmL26
1291,91,cgobourn2i,tFU49MlbOi6
1102,92,bmenichino2j,aboEiz
1607,93,lferraraccio2k,hUAM0NLxuwp
777,94,gbarstowk2l,iLhJa7aNy
468,95,ehutson2m,HxJXA5r
1765,96,pseaborn2n,soHt9N3pjI
1782,97,mopenshaw2o,ALCB14LE
1190,98,dcokely2p,yFMw4N
768,99,vbadder2q,rdEiatEkz
1901,100,chalversen2r,xk4v4Oy6
1954,101,jginley2s,Knc3R657V
989,102,ogecke2t,UFi6cfw9ob
1972,103,jburkinshaw2u,mz8w9sl5GF99
708,104,agarn2v,1Sd6H2U7Tijp
1371,105,ddundon2w,iICVcSN55
1570,106,ddabnot2x,g0EBUS
772,107,bcucuzza2y,YBtfjTGgamu
1837,108,yshory2z,Tq9Ury7fknE
1197,109,sliddicoat30,WIG1fRXgwt
1739,110,rliptrot31,fSdqP3OS
454,111,ccourson32,FQAkGin
1636,112,lkemer33,00mSXKvUNe7l
1088,113,gbeauly34,DdEumFIegv
181,114,blace35,CQEyqtiBYO
197,115,flaughlin36,VS6g1n
981,116,chatherill37,Ielx9K57Gb
1336,117,bpancost38,PagbkC8k
1158,118,rwoodyatt39,NDleSwY
1929,119,ecaulwell3a,To3wgMN
1063,120,scanellas3b,Rt3fMIj
267,121,aballin3c,OtdCA7O2tk
1816,122,ljayes3d,DzwI6Xs
495,123,sbonicelli3e,CizLdC5BO
775,124,jscudder3f,yGGQ3r
1162,125,jquene3g,G4aDsTwhmsOS
498,126,rhodges3h,KVhYbQX
1474,127,kbrazier3i,1TOMwmcnaHy
834,128,jgibbett3j,JSrlp2H7zn
1125,129,jhayworth3k,xeyoM3m9eNK
1989,130,kwhitington3l,erbMDR
1910,131,opoolman3m,CDLjpkXS
214,132,gemerine3n,304ABQpvCU
1482,133,slyall3o,Qw6eoy
443,134,dshakespeare3p,LCbfW97ft8k
1357,135,bmitrikhin3q,NwJ0lF
46,136,lmccane3r,XARPcKPOCGyi
448,137,goris3s,QPlncNEzSPr
1996,138,pfendley3t,dkW8P2dRmJv
1911,139,kmarsie3u,CJc1l1Z3pf
762,140,ggarling3v,rKKlwEgX9d
756,141,acadwaladr3w,8FLTu6wSG
1084,142,zpleasants3x,YOCeItunFhT
425,143,fdanilewicz3y,YCdTgkabRk4
418,144,bdalyell3z,VFroqWs
1584,145,tvondruska40,HcXjE5T
1214,146,plarchiere41,GWcNcd71
1431,147,ehightown42,9W1LI8vQ4G
1645,148,kleithharvey43,1ByMChj
701,149,galdersley44,Fc9FLlZAn
1402,150,lpardew45,y5t1SbHVpRS
1853,151,uhatherleigh46,AjaLRWLB
1470,152,pmarrows47,nxdLmEHs2mHy
887,153,ddurrell48,BnbzWWLC
989,154,jkenworthey49,bngmCvNdfHBy
1709,155,ldailey4a,VWNk1bXcBwy7
1226,156,ktommeo4b,UlTbIO
612,157,awearden4c,Cr9bOy4Z
1120,158,hmcalester4d,tppUT8
963,159,rsimeoni4e,tuXCSp
1444,160,kpetschel4f,HvCHhYi8OI8p
1370,161,bturbill4g,OG2OC5pr
1816,162,vdouberday4h,K7lIC3ifvb21
938,163,kmcphelim4i,UiqumTt94IR
1259,164,jlabb4j,qAvpHj0fS
1826,165,sleving4k,RTCviwub
1486,166,cpetheridge4l,dpHeRDeVi0VO
1946,167,fdeatta4m,3mR8AUwg8d8p
1766,168,qsharpin4n,GbvtBYI
862,169,gmilner4o,AGW28Zy
843,170,wdacres4p,L7ouwg
1692,171,dcrockett4q,RY29JNA6c
1471,172,bcawdron4r,IthKUO5wqG1n
1643,173,ngiacomo4s,skjdXyJ7
1380,174,mgwinnell4t,BV8t0Oa2cYz
1122,175,ltoppin4u,SND0Y6b
746,176,tblade4v,AlmIk4
1980,177,uaykroyd4w,u8YRpwvu
1126,178,wsomers4x,EGZeVLqLHx
1440,179,ejewel4y,B66lqd5ZH0c9
64,180,cabarrow4z,LsaDfKYZ
196,181,hbangle50,asDy1URq1
563,182,ccockshott51,DRzfIJurbID
978,183,lbenezet52,JYo7nN
1594,184,kmandal53,NKpvDIa7
1938,185,pdurham54,dnqoTo
640,186,gschenkel55,4CSt7b
1926,187,slansley56,s7KngPTcnI
898,188,samiss57,dUrC2I6V
1751,189,bboulden58,PAR1Xqr
412,190,dleadstone59,pzlEW1Y74
49,191,cdight5a,Z77zt9bXy
555,192,csoden5b,0pZkANgDD7Qa
256,193,sbasil5c,ohjD07G1Y6c
166,194,hguthrie5d,jFf9B0Kkh
1387,195,ibeggini5e,CTUQevRalWt
1762,196,svlasin5f,8eXS67U
477,197,amiddle5g,cMHqAf1MN
1568,198,lmusico5h,iPuMYHqn
813,199,amcentegart5i,vb6X4Gwq
1615,200,eortes5j,xikCR4f5tzh
758,201,agrint5k,Mzg8xeS
78,202,nmccrillis5l,WU6yfXwuIoU
889,203,rmacgeffen5m,HL87Uwj
1999,204,vferrari5n,xrbRpUTb
993,205,tlambshine5o,T59DgkBp0C6P
1457,206,kcaldecutt5p,D7OA0cJgKSH
28,207,mdutton5q,faZGDSKn
538,208,dmepsted5r,TanLVn
950,209,amortell5s,3HNfJJn
1702,210,czanicchelli5t,SIUTp2t4
886,211,pstubley5u,QHqHGpM
206,212,kbrammar5v,o56alRfpHQ
1756,213,adibartolommeo5w,UAuqOqbl
225,214,nfomichyov5x,CFGJh2
864,215,bdach5y,GUgwQUlQCWWb
1252,216,kchadwick5z,7YBqNbgMD
1868,217,cchaloner60,UqX6ZhmlD
254,218,hgodin61,30ZIwv3V5R7
661,219,gorwin62,CfNOvbOEsR
1655,220,ktheobold63,N6mGcX
1545,221,dakhurst64,vGvENehhR9C
1185,222,kmuro65,bfseVL
103,223,ewoolham66,VZITGCkBr7z8
1617,224,vdodwell67,o325UQ
1481,225,kpaolotto68,PGLc6rNV0W
1825,226,fcoie69,qwEjVfjG
567,227,bderobertis6a,XxdAWxdR3
1019,228,dtink6b,9HDv6Hov
1122,229,culster6c,1bzJJXYGVu
985,230,erickword6d,2uT8u8mluMYQ
1469,231,jandrasch6e,72gY9BLdINE
66,232,kblakeway6f,hFQNbvW
1817,233,nridde6g,3lUsZHI75UC
21,234,smeadmore6h,I3NW8g
1027,235,avivyan6i,CAtkyZ5V
1540,236,eetteridge6j,7MGh6Pw
1960,237,bmacmickan6k,USZ8xDzORea
116,238,kkob6l,vI9rdULvr7
469,239,rbakewell6m,ha7zPF
1176,240,treide6n,V3NwyMFnGh
880,241,brothschild6o,HtbyV15H
828,242,dcubbino6p,mn0YBd
812,243,rbaton6q,yWGOGajE6K
17,244,anares6r,O6MKGrI
1860,245,arodders6s,NjuPrRY
1068,246,bcrumbleholme6t,CMFtwwoBzRV
533,247,epigott6u,JxOhUkPfonBV
1306,248,ddenerley6v,2cvJIBxena
1949,249,yfountian6w,NuOjEN3oe5W
949,250,dmargaret6x,lb1NkFRMH6s
1635,251,ftather6y,kaHWN4nbEw
1870,252,nmccallion6z,ogHD7u2HvY28
1783,253,atrousdale70,eXzLX3gsl4u
999,254,hchartre71,khjJg0mmbdc
1208,255,molerenshaw72,HKNI8YD6C
516,256,ebranford73,DXjMYzry
1388,257,heaslea74,nIdqCmsn
695,258,kcheetham75,TA3gkp4G
662,259,ckaye76,aqxpYW
1483,260,cmilius77,ISp6VFYma
1228,261,cmagowan78,WhKgTe6a84
1540,262,jguymer79,ZNYPNLKeTOe
55,263,jswindells7a,miJXFs6WFi
1867,264,fbricksey7b,HDMZucrdFa
1839,265,mwinckle7c,rCqyYvVym
1423,266,dbowld7d,MGboSrIMzFeC
96,267,ngambles7e,eolrbsToJBgL
549,268,hmckinlay7f,zjyatG
1974,269,asaffen7g,AkjRCf
486,270,dlyver7h,XjorfrSv1
982,271,iheyward7i,wrct40yWEDm
1607,272,fseamon7j,QYvHRjklCN
1511,273,sjahns7k,i0F3ssQe
1818,274,ehellis7l,TFfudjYfK
975,275,nbastick7m,MdvJp3FNpy
708,276,kpifford7n,lp5Ocb5Ow1
142,277,aburnes7o,nx3O06ft5
1359,278,cleagas7p,oTj27xkE
724,279,mowtram7q,qWdUX7ia2n
1257,280,eblackwood7r,K0WQS9a
1728,281,igeerits7s,Hx4zCBP
1281,282,tchatten7t,iWReXFe
1081,283,ggopsell7u,k8p733LEdqGk
357,284,aedmonston7v,f9uUXLjvUjl
1121,285,wwoodland7w,ATG388
1970,286,nmenier7x,Hb47rrYivkH
472,287,mbruckstein7y,iKT6NxYP
1627,288,pmccathay7z,SCI72YS3dzjS
156,289,sfeeley80,UKY0Lk4
696,290,fmetcalf81,aPWWzTBR
181,291,nfairbrass82,rxKqPEFc
1355,292,sespadater83,gbdPv6bOczlB
764,293,rskurm84,YMHPILlSrw
873,294,spatek85,6vgNMfotX1R
979,295,rricart86,9cN5zcj3S
770,296,crizzardini87,tZ8KBE
1361,297,rbassil88,uVAce3
1834,298,ctwizell89,PtXBfRgg
1912,299,sstelljes8a,hsOywv7IvhW
1051,300,gdusting8b,y7MI1LEl
601,301,rpigeon8c,jRh5pPR
698,302,mlutty8d,aepPnXP
117,303,dlyston8e,EHs5GriWnZV
305,304,phendriksen8f,ouP0II
525,305,apenticoot8g,yNMlEXZ
248,306,obrabyn8h,4fNhLBg4LAcp
436,307,pskellern8i,gNqXjM
539,308,pmacinherney8j,kozv7Zzu
1527,309,ctregea8k,MwtTm0VkqN
1977,310,rhambrook8l,BAlRWbD8SwqV
790,311,mdeathe8m,Ynjti8
551,312,smcquorkel8n,nbVaBR
589,313,gorgee8o,Us1ohLh5Y
365,314,swesthofer8p,pv2XEeeGX
1456,315,ncutchie8q,H5yPFdu37n
1544,316,jpolini8r,S24MO8TqVb
1526,317,lrubinsky8s,nN6B0HibuvjW
1384,318,brann8t,emfEVZFa1se6
784,319,sdinneen8u,Y8nMQmXun
1883,320,estilldale8v,zzFhAc3Fwi
83,321,hkiendl8w,QbYTqXn
38,322,emorecombe8x,AfUfLV
682,323,bmoseby8y,9dlZ4a
304,324,xmelbury8z,z7vPx8CIC5pF
1966,325,ghowel90,NGeY74d
240,326,ngibbetts91,a1OJupocFp
1648,327,clodwick92,5yGgi7O3
1349,328,ckinglake93,d5X083fJAkKU
1359,329,srenzo94,UpDkNcf
1972,330,shearson95,azAn8i
393,331,lleehane96,ZgO5Sgzv
1617,332,rparcells97,SH0mBWR
1385,333,rtetther98,AJAgTxOZ4
1036,334,sskipping99,hyY2Nxwj9yZ
828,335,dbendixen9a,dLP2sQZ7MGB
1909,336,hwalkden9b,sDFeD5Toa9U
705,337,vhatz9c,KMBp0l
1036,338,cmacconnell9d,qzLg914ApV
1302,339,wclutterham9e,jQuMrY85Od2c
446,340,tfretwell9f,wYfok1EMqu
1480,341,bnafzger9g,0hH0hF
1236,342,tdelbergue9h,dGv8zMQ
846,343,hblackwood9i,gqhxCvzC
1410,344,vfeehery9j,KXsp5IPG
1173,345,alongmaid9k,6MoETz1
172,346,ccordier9l,dEQCfZSmT4L
669,347,ahambidge9m,7835V275cQA
782,348,gcayser9n,mDJBjga7
1736,349,ajedrachowicz9o,xgOhNi0Kd2V
737,350,vech9p,qLwLEgrJtb
1687,351,vissatt9q,NuHnyz73PTX
64,352,emacmeanma9r,4HvAbKQZ5qM
1856,353,pknoton9s,cqXGIK37
38,354,fbickerton9t,CG6KEZ
1525,355,jvaughanhughes9u,3EGYhgtXBF2
324,356,jgiraudeau9v,QaWO0n4X
917,357,mbiddlestone9w,PD9X7NCn5
1074,358,jmarkel9x,9gINj3qki04X
1419,359,tpike9y,MOhI1fq
906,360,cchecchetelli9z,jY0xqbQ9V
8,361,mstandfielda0,8NJSns
619,362,ngreatbacha1,EoQIxEKg
1827,363,sedwickera2,YHReN4
1853,364,mchinaa3,o0bpdqNj0
289,365,csandellsa4,9dHz7B
1227,366,sgascara5,NKGZfT2k0fj
205,367,duniona6,ALmOePBdfK
868,368,rblumsona7,yfAcmuTnRL
822,369,mwharfea8,VlyQGxXB
522,370,pbeggana9,91J92LTEv
1850,371,egrovenaa,zYUNp1UVghF
227,372,jtolchardeab,XZvINOxFjRJ
609,373,bdooherac,twuea0Mzl2
1393,374,rvlasyukad,hqfiAhBBpD5
1792,375,jraffertyae,xtno04Qg3
1832,376,htraceyaf,gqbL7M
547,377,shazeldeneag,gN9YI9bb6Ds
767,378,kmontesah,Cb0l2yr
1362,379,reedeai,ZGyaFVvRWf
437,380,wbrasaj,tgLPm1FWgE9
840,381,tsmailak,3hZfKrLhj14v
608,382,mdandisonal,CF7T7tZ
1157,383,sunderdownam,qKevlZP1INw
439,384,cwilkinsonan,ivZRNI5rVA
143,385,hkasparskiao,6gSBCIQOt
123,386,enorcliffap,wEKCrd
1059,387,mcherrisonaq,AdzR9R6
1851,388,gfullerar,nCBl6Nenp
1695,389,ilambertzas,1qJ3mFsT
1860,390,jgehrelsat,6PZbozsQu
1646,391,fmccafferyau,tOnnVR
1177,392,nkairnsav,3vLZiYJ
954,393,lridewoodaw,P7VaCTlRBuh
600,394,jjamsonax,lwksqWwWYxQ
151,395,hstauntonay,89UkoGF4
1484,396,ibevisaz,XTST4Zh4h2
1989,397,hneagleb0,cfuF8tCba
432,398,sbertieb1,vv9TH1f
774,399,lcornforthb2,7q68uLEd
935,400,nlilbourneb3,rJXBACmFoR1M
1430,401,cferrarb4,kLtSy8UI
361,402,iewenb5,i1K2I9G1m
547,403,nhandasideb6,KV6fTooc
384,404,dhymorb7,S1tFbsw
146,405,zamooreb8,ZWBXwrhl83uZ
742,406,tslaytonb9,0XAGMI6A
271,407,lcamoisba,nqrIzUoxNcK4
907,408,tgirardezbb,SXh467
703,409,rpiotrkowskibc,Kih1OUtMh2L
601,410,lugolettibd,PDBGod
529,411,ebuntenbe,BGdsAIagI
100,412,gomullallybf,89qVOLjS
1656,413,lpollicotebg,dxQMM4Ik
503,414,hferronebh,6o9GW8FCl1LM
298,415,agrinnovbi,1C3U7N0T80Xc
319,416,ecastelinbj,bPG2uE
348,417,dcroxleybk,naCawh5J
1470,418,hchappelowbl,VTE71eksugD
539,419,ralgybm,FETHHuiO
1908,420,kcrebottbn,q5AtT6Al
1060,421,mminchintonbo,nAWN2dP2L
1439,422,awilloughleybp,IErJFksYqGLC
1572,423,kgoodissonbq,VMoyXxyrOI28
614,424,rpedrollobr,1ElJ6PW1CLqb
1923,425,dingilsonbs,Q3QsejdEDUk
360,426,smountlowbt,CbeVh16Jmf
777,427,bjanousekbu,cEJeI2h19
1949,428,rpreshousbv,9UX3sJPl6zD
1911,429,mossipenkobw,n3ZmnwhUo4
60,430,gbluntbx,va9Aion
778,431,jgreesonby,oWr1Othnr
1084,432,hgiffautbz,K4ph1N
1792,433,bfilippyevc0,6Tah0c
194,434,jminihanc1,FqOL2Imbpup
1275,435,kbarkawayc2,qHWS5d
1190,436,hdeattac3,q3uKuQ7CS
1438,437,kelvenc4,5oVasD
284,438,vlisciandroc5,mNTbOi7gqGeN
633,439,orushmerc6,H7szle
226,440,gledwitchc7,g8WUvNs
651,441,iherculesc8,OLoPIK
1311,442,mrignallc9,w87EIM
992,443,jdellatorreca,z0C6E8
196,444,dlemarycb,cuzlVb
1246,445,mdugallcc,uIo5LWV
885,446,rdubbercd,LaZwW5fARW
1487,447,oworvellce,HKCWaAF
923,448,kcogglescf,FyG0PJf7y
991,449,gmarkussencg,slZjmO
1586,450,rdoustch,mg0frZe
1720,451,jgiriardellici,FEVx22v
1088,452,aballinghallcj,hTXHZ4GZFCfY
378,453,gkettonck,2sU7EE
154,454,noxboroughcl,yoBAayFY
1748,455,nsmithendcm,teT5P8
384,456,bcosseycn,U6q3QUqja8YZ
1229,457,sdeetchco,pWB4oGP
1039,458,hpettersencp,upCdL6
59,459,rkenneycq,i6loPslX
244,460,bmccarrycr,B4bF8oVDC
1339,461,qendecs,0EpRRS3pNnPe
837,462,clepiscopict,mPseUb7n1fWt
126,463,sbalfcu,UDKHYAUE7x2J
923,464,gandrewscv,y8A9JQwsGga
1937,465,dreveleycw,O12x6LX3OPc
1155,466,eoneilcx,XOCSMktHIeH
551,467,bhaggidoncy,DsRNsM3
1938,468,nriepelcz,YOnmlLC0cjK
231,469,amariotted0,QVj1Y21u8
796,470,iettyd1,evIgVIR
443,471,cscotchmored2,Gz4cpUKo
722,472,zshirild3,sqoHeE9FfV
729,473,smargrettd4,LbWyuB
924,474,mvedmored5,Im9Vywzzvai
1158,475,cvandenboschd6,4pPZNZgs
138,476,lchattend7,bzYs9Npu4
1064,477,rlehuquetd8,0tgp0mDsX955
414,478,fommanneyd9,g619ghCGrWi
798,479,egoodwillda,9ENR32usxch9
1837,480,hduignandb,6Kfln5gAkp
1177,481,cburgoindc,4b4huj
1733,482,jkeasydd,MvghnpTW9f
1792,483,abugdallde,qZ29e7gYjnl6
685,484,hheenandf,EvFoseMcVGAr
435,485,gscotsondg,gtZV9uyTPrFh
1685,486,acounterdh,pxihNZQt
227,487,mcrocedi,FAoAQw4r92G
274,488,mandreedj,UGCqz4t8
464,489,jcaprondk,6uoAPiJ
547,490,dsanzdl,iEDpnClKHsQ
716,491,cgrumleydm,Cn68arC30
227,492,eshowendn,Rz4sgEeds
1644,493,lmohameddo,gmOr7cLm
1256,494,cbuddlesdp,Uul7D8kw6eP
1534,495,tlinkindq,qMFs1Zl62Oh
1142,496,bdryburghdr,6nMHqJxuD1i
1593,497,jcaswellds,nT6ud5gJO0yv
1014,498,vmaclarendt,tD6A7Tcea
699,499,abutterfintdu,fBDLLJ9Ow2
558,500,eheatondv,yzmUtElbvr
68,501,mdwinedw,flmaVasxaaw
1789,502,ssansdx,fWhgShaaSYl
1950,503,araulstondy,XvkUu8yxsi
899,504,bhutchingsdz,b5jyKpsZ4dWd
341,505,hfreckeltone0,MhVvZmRP6Hko
1417,506,mbencke1,vjH0xrji
1080,507,lcantone2,BgvxFEN
291,508,bgladbache3,daOO00eF9ko
1268,509,rbettye4,ympH1Qwert9
948,510,hmassene5,GzaX92
1801,511,cladbrooke6,01KXwyUh3qEk
417,512,rdadgee7,jA3fiPQ4g
1442,513,cmiskene8,YHKPN723
67,514,khubnere9,B0CD4Kz
362,515,cferrillioea,dGKh85SW
5,516,gphilpineb,9rHiNw
1530,517,mhambrickec,q6w1SgnQd
234,518,mfraneed,dqHRBpSpL
1113,519,nleyzellee,qULapyF3w
244,520,dgillfillanef,Q7MG0pbh9D7
560,521,triefeg,IZfcqD3Y7q
1185,522,jsutterfieldeh,4Mw0LKa1w7R
705,523,phaironei,rX31s0
18,524,mdenekampej,DYvn5K
1702,525,kpannerek,i2GB3cDFR
1933,526,mtatfordel,kB5hXsC
1254,527,laudenisem,VZiKM0q7w5P
267,528,ccaccavarien,zzRVL1Tp8GH
1026,529,pwhitwhameo,hsYjubnsdNzl
1469,530,kdeverallep,ujlrJyhaDW
1430,531,lheartyeq,3I3LIPo
1719,532,wdenisovicher,m5KLtS3hV
891,533,mscotchbourougees,5L9a4yJ1
1961,534,rebleet,z4dbb0btguCj
1173,535,sdavsoneu,L4UbVrVffWq
505,536,smcaleesev,BTLINdfHo
1358,537,kespinelew,L740XqbQ
1097,538,vmorlonex,QbgfTK
861,539,vmcveyey,VkKsg2pxPq4
191,540,previngtonez,DLJSH2gzack
1289,541,ucleverleyf0,Q0ypTFjh6Av9
1722,542,mgreaserf1,p0b74yP48YcQ
1984,543,medmonstonf2,9SY76k
693,544,ghoofef3,g5XjL89N
1164,545,abathurstf4,hakiFvR9c
520,546,ostertef5,ck1hw2pV0bWk
611,547,gtousonf6,Flyz400euY
1482,548,cbowlesworthf7,Cdtvwx0m
151,549,nleglisef8,gdLi9nG8
375,550,thellyerf9,P50zfT7Bx
1310,551,dbatropfa,TjU9IDdlS1pD
1303,552,gtelegafb,WmDzsn
160,553,kgadaultfc,QoGS8JBgY
300,554,mturlandfd,3BtCJnB4G
687,555,wneemfe,N1DcLqJrhjST
266,556,rmcneachtainff,H4LGSMCFlq
1582,557,lburkinshawfg,qNF81Wdke
1758,558,emcpartlingfh,ra6VaK
885,559,eaishfordfi,9h4bWa0Mli
1643,560,sdehoochfj,7rb0iLxBaO
1970,561,jboadbyfk,6EhVgszQ7mC
610,562,lgeerfl,fPLgt4
549,563,dgonnelfm,NQwULFkfKZ
1036,564,vplowellfn,j0YLFF64
1906,565,rgallandersfo,OPXI8ipAs
234,566,jstaubynfp,c2tHJ8iW9
877,567,jbarhemsfq,Rz8OnPN
411,568,gtrouncefr,O5Yn0Xi5vPhV
500,569,shavvockfs,eXV50bZyY
1029,570,snannininift,hi0tfWKTYU
1359,571,cgrishelyovfu,TW1N2lIrV41
652,572,pduchanfv,HN0woQh7F
903,573,dgirckefw,ckjxKCOsp2io
497,574,jburdasfx,oNz3SxkB5
820,575,mwittletonfy,H10zLZZ
164,576,lsidawayfz,CROph5rVE
1984,577,chawsong0,I5ijTO
735,578,aeloig1,E4g3dNs
56,579,csinnatg2,QYvCOQnVQ
1621,580,jwreffordg3,wIOrDhAk9CPi
349,581,sdaishg4,H2YJSpAY8
247,582,dabbag5,MwXEouZ
462,583,tghostg6,Wdbnyb
1503,584,randreixg7,ifvyiSHCIK5
891,585,bfitzjohng8,wEooRJJDt
1055,586,ncowpeg9,Wv7Psnu
1124,587,cbraggintonga,eUer6Z6ua
1009,588,ljosifovitzgb,PTGsG3Xe2TDA
1731,589,rbinneygc,P9RuoWJjnDI
1374,590,tdawtrygd,v081MZ8Y
1982,591,rfreschige,5INUvth3Ie1Q
888,592,grodenburggf,XltYm8DF
1383,593,srosenfeltgg,DBM65vx5f
99,594,trisbygh,y5ujtshMPvU
962,595,cwoollergi,goIKV4
771,596,lmcnyschegj,1ubl55O
1632,597,hsimmingsgk,2kbKX7mFdxl
708,598,iakermangl,9iGVM9NdWB7
684,599,dbuckneygm,qbZ0Ugr9gwV
462,600,majamgn,TJiK8oEw
1981,601,ubelisongo,69a9DodPl
1971,602,ematussovgp,46JrmosR
67,603,kradleighgq,AppQNFUI
1942,604,pwithinshawgr,0sTVrv4sL8L
433,605,nbegings,2Xji8b6yxCvY
1591,606,kmeachangt,Pb9ys4Zrjqqo
1506,607,cabrahmgu,kpkKbk
1076,608,dpepperrallgv,l7lrvhxR0
83,609,dwudelandgw,Y2tvb9ypzpj
496,610,mbeabygx,3B5fdB
1419,611,sbeckinsallgy,qF0SHeRe
60,612,kpiniurgz,iKDflKx
339,613,nschaumakerh0,wOW3uO5p
540,614,abasindaleh1,kUcPFcpbw
237,615,jmacnallyh2,GvyADvD
971,616,ccartyh3,Tq94t3Mx
76,617,braith4,KE9RMR1d0b9d
1117,618,hjumonth5,cgW3hO4WMt5
1871,619,gochterlonieh6,kd10GZ
1636,620,dortsmannh7,5ZpF5L
740,621,aslyneh8,4N22CsyE
828,622,gjoontjesh9,puvR9VJN
1879,623,msumptionha,hoxoQ5u7Be
1766,624,kgyppshb,R9AHaNtA
1437,625,gstitsonhc,WcwK0vtnbr
1324,626,mnottingamhd,jS9t5xDZqP1
232,627,ldamrellhe,C5ZkohOVY9s
737,628,jlukasikhf,27SbYOPCQs
279,629,ekolinhg,DBT7XpLn
1095,630,asmoothhh,ifpxiHIeKsJ
1721,631,smcsarryhi,PKqL3uhm
579,632,kbottelstonehj,1L8TlR
687,633,jhabberjamhk,8mgBMG5UWf
1257,634,lollehl,JY6YDFA
952,635,cbeehohm,j9s6H4HQNYFd
1514,636,kcorreahn,cwORhiDG
1226,637,ifransesho,lBfvUvKd
203,638,dfriedloshp,OEdt5Tf
883,639,wugolottihq,58VLLoFjUkjA
653,640,aaleixohr,soTCG8Iz
417,641,gjullhs,5GifSDz2wJd
1825,642,tfortht,3Woo66NViT
1542,643,sallixhu,DcuN6sxKFil
1137,644,lauchterlonyhv,YjjV66pE
1902,645,jfernelyhw,gM38wG
454,646,lbeagleshx,IN2hHFczYnJ
1073,647,wmaybeyhy,qIz9ncxAB
803,648,smenerehz,xYTuL3
469,649,ldoberi0,87lBpUno1yx
1230,650,hlucyi1,D0sSO64yR
1798,651,msilkstoni2,6HEJmYWSaTw
431,652,clincolni3,CtSZmXoTai
1313,653,mkaplani4,OylMIaN
1354,654,wdorsayi5,48Rtve
1746,655,nocklini6,IeA2D6p1B
1100,656,dmullani7,0L06g1g
133,657,mcaigeri8,lfqycB
1454,658,jjayumei9,0zfNlH
1669,659,cmclenahania,O2VCtmU
767,660,mskirvinib,F9RD3hqIEO
576,661,tpeekevoutic,65QiMOD1
583,662,mshortinid,XP0l9Hdgfr
452,663,esikoraie,kQ3qeCVNO
917,664,ekellettif,5tVkZOG
366,665,ggrigsonig,O2dxYrO9
151,666,mmacdougallih,uq42McZ
607,667,mgavrieliii,HkseuN
1460,668,usymeij,Zq7kOa9YZwm
1521,669,hhuebnerik,tffdGzSn3A
1979,670,mkeyil,XrKir4
1781,671,josseltonim,5dyYzrlgT1Ea
740,672,omariyushkinin,XTrHm01Bk66
525,673,acadoreio,BYY7HADt5
1429,674,lspradeip,iNohAmUJDP
1389,675,spudneriq,g1NxFgF
258,676,mkaaskooperir,gGzRapv9JA
381,677,etukelyis,3obgEeEdRXm
973,678,apopleeit,MgViBDD29Gaq
1252,679,kmulchroneiu,T6pAbs5101
980,680,drubinskyiv,DC8AcXeN9HU
1700,681,rmacavaddyiw,ZpVgZr0h
1143,682,dmacnockaterix,0frJmk9o
719,683,gmachosteiy,zGfJjpa
977,684,pkermoniz,hb4iu0Tq
1320,685,jskinnj0,lZReubTspRn
413,686,cnewbandj1,IBoGUnHBa
1897,687,tcowlinj2,c3WSOPy
1598,688,rauchterloniej3,ZM3Pj4vgB1i6
1154,689,pmarrisj4,21GtBg9KOya
252,690,powenj5,HCIql4otV
1319,691,kcaneroj6,EZL5Zfut
137,692,dkemerj7,SvBHoEGnwWM
944,693,cgeavesj8,en203b
1526,694,cturnockj9,g9T2eLz1
1720,695,rdroganja,x8XDHa43
550,696,rmacmakinjb,O745wC
1114,697,mthurlingjc,AwjdJzdP6E
230,698,letterjd,i2ncu36Tz
869,699,ttaffeeje,T2bW79k7la
1044,700,ckirlinjf,2AWtUoCJ
359,701,jurionjg,eklic8FWwU
1157,702,acullonjh,JgQaJskV
1942,703,shedinji,LhnWLgeFV
350,704,borbelljj,6Er1F8HA8Ggm
1252,705,fcasazzajk,E1CK0j7XIu
1522,706,golivijl,N9ceyU5
1851,707,afearnalljm,dnKzFoEFq
1206,708,cfeastjn,bPM865ix
1011,709,cjakoubecjo,5MjOCjfN
1600,710,lredgrovejp,C5aPabI4tnVA
280,711,gpurdomjq,OrInR4qLBP
1168,712,ehorburghjr,KVIYuwLwknz
1315,713,dhrinchishinjs,LhBZUo
1197,714,bwitherupjt,uKhxry8
634,715,rcatherallju,qHWVekSDQ4A
1404,716,tmacveighjv,IdWiy3XA
769,717,bjanewayjw,YvR2nM0v
1570,718,sfudgejx,sX8PQyxEDW0
1082,719,sseargeantjy,UEdQbia96vP
521,720,asimonettojz,15sDp6K
1647,721,fmcenteek0,YunHQN0b
570,722,hdoek1,OEsULkhrxhr0
1519,723,dcadwellk2,utZ75uk1
927,724,pballisterk3,GOQzzmuG
821,725,gburdettk4,DYIAWOnyooPk
1649,726,aodowdk5,pvfMmJopkKC
639,727,glambornek6,AorfTk5xh
1522,728,dstocksk7,L3bvaD
198,729,gleaburnk8,4J1sqeT
946,730,tlokerk9,z9hjI7JttRw0
1316,731,lkeeleka,4iBWYDT4aDx4
1823,732,jratekb,7mDkmT
818,733,slidgeykc,6EVDmJ3OuN
1233,734,fgrigorinikd,FpoAnc
534,735,brothchildke,xLm8s0zVe
1177,736,bjeavonskf,WiDTV2YriP
992,737,gnoicekg,OMhpQop
218,738,twynettkh,BCderj
1412,739,dstrobanki,AfLJTZ3hoAVS
970,740,cborrowkj,VIDj30igaR
73,741,ostamperkk,BamsLxbQ9
864,742,spetrashkovkl,n9mjz0qInf
1152,743,ccammiskm,3BJhl6oXnB
1055,744,afarncombkn,FtfZS5V
1746,745,vlortzingko,vqxJAeH
423,746,dficklingkp,rEdr44bPJH4
1935,747,fvasilchenkokq,PN3IzbCdh
1010,748,pwestfieldkr,70QhGdH
262,749,jsoppittks,ZxpOKsqAZFYs
62,750,lbanthamkt,fPNmNeY7b0uH
1659,751,mchadburnku,Op26wro
321,752,ecrangkv,mWpVUZ0IeA
465,753,ntheuffkw,cURS3TyNx
139,754,gstrobankx,xonTtB22h70
1772,755,gglanesterky,xLbdik
1134,756,ecourskz,oj8fRdL
1032,757,gwincklesl0,F3DeIZv
281,758,mwratel1,CBo0rVomUx
1213,759,sdiackl2,jhCP4x3elf
719,760,rwealleansl3,CfLTWYCki
1399,761,jgoodrickl4,xVtZ4k
49,762,istenhousel5,N3vigTTSX
989,763,dpolinl6,tu3ohYnbx
1652,764,sburselll7,nDwTOBw
1793,765,dgoodliffl8,gx3Ung
1417,766,ldacksl9,dPet1OCs
1792,767,oizzatla,d6l8W0d9dZ
216,768,ocushworthlb,MBdsNCCs
199,769,rhamellc,9e7Qj3frMt
504,770,jgoodbournld,9mlWVXOF6
1547,771,lstrattenle,tBIO7gAa3
1212,772,mfolcarellilf,0ZIZMpkuI
1824,773,fbandieralg,kuiSGh4C
658,774,rshepherdlh,44n8av8llN
4,775,btonnli,bbG2AOnyh
939,776,wfernantlj,Jwq7I219
317,777,kbroadeylk,ll3Ffg
1309,778,cpennycordll,YmQWbmJv
1465,779,vczajkowskalm,rdXu8i
241,780,hcastanosln,WlZfGI4loAzY
391,781,dpoynterlo,cLMFjQYNqNvT
1087,782,ldunklp,ubJKlPZujnBl
39,783,hellandlq,vR0rXLzAJ
180,784,sfontelllr,T2IXit7tKP
714,785,kgogginls,xRTf0rkh1W4
1403,786,irawlingsonlt,bGwYnOZ
594,787,prapelu,LQKqO2ZOTZ
248,788,abrilonlv,2AtkELf022Q
1693,789,mpostgatelw,URbZut8z
307,790,bchallenderlx,08l4uWR
638,791,fmeakely,S5lyWoJY6X
220,792,hduforelz,dfuAykxsYlW7
428,793,cstothardm0,5ZeiUclkMA
1793,794,agoodridgem1,HCzqGO9
1972,795,wbetterissm2,KeibYm
1739,796,dmargerisonm3,w7oslZ6PPSc3
323,797,rtregidom4,nkGMNs
231,798,vbreckellm5,92mlFsAp
675,799,lbeekenm6,OrkSjvejH3V5
137,800,rzammettm7,3eaANxQY
61,801,smafhamm8,i8O4Lh9
1742,802,djacobovitchm9,fZgfVbS
1577,803,cfianderma,RhtHvVZK0
4,804,sdillintonmb,mlz64jO
599,805,xchawnermc,3MxYQdPz
1292,806,dtilbymd,x5vBwAFxOo
225,807,jjonme,JZjfqD5E
291,808,rmargettmf,pGTGlTkWU
1346,809,tdacheymg,UW7LBDbw
348,810,aluxonmh,C5EUaLMzjxCW
1774,811,ccouzensmi,b6US4D
1356,812,bohickeemj,4wtZd7
1011,813,aspadonimk,ciVyKsLCW2Tw
264,814,ddoolanml,EDVtPV3tU
1337,815,ishemmingmm,9iKh0BUTAc
1816,816,jwheadonmn,B78Eifc
1582,817,fmacclaymo,q5qhf2m2
1296,818,cmainsmp,iYbl2mFP
661,819,arowbottammq,v2ibvlC
61,820,gbrumblemr,27Agb5ZiwK
538,821,ashutems,rivQgZ
1903,822,kcrowdermt,yBa8wf0Ln
1192,823,aarkilmu,0Nnwef
1063,824,tfippemv,jrMD7WZ
423,825,sgradwellmw,eaShdQCDF0e
1097,826,sblaisemx,MBidUs
1281,827,tdyballmy,RLyh0LmSxF
776,828,alambournmz,zBDPuQ
800,829,wstillern0,xH3dLVR1A
854,830,rlavarackn1,DxJcsK4CuGo
161,831,cdoagn2,CXTQ5e
235,832,ehalfpennyn3,oTEexQ7qB
1021,833,wfermern4,DURpnAF
1867,834,ghigginbottamn5,pfoXvm
776,835,pboggonn6,QlRTXPvaqv
783,836,rponden7,0xrclYgy3bsX
1361,837,zamesn8,wAfHVDuVsd2k
171,838,oscrivnern9,0Mm7o774
86,839,pmushettna,1QdSAXQk13A
929,840,hastridgenb,TRftowunI9cH
1073,841,dyakovlivnc,4pcPZIXQk
239,842,bdustingnd,YT0LWSDE1IA
216,843,mrowlerne,gUzYUI1pbx
107,844,baddsnf,b7ZAaeWou
57,845,jmacavddyng,71GAPkk
17,846,ehodgonnh,UccIK3
434,847,wlosekeni,pQUW2JQ2Vos
711,848,sorrittnj,IoZMXJ1Dgrl1
1721,849,oaggnk,nDyK2aPzTi
1965,850,ksagrottnl,xoTRpved02
667,851,ljohannesnm,6c6nfDv0WBK7
686,852,lnorthillnn,0dnodhXFJX98
118,853,kclemitsno,yYoJG6wA9Be
13,854,wcroisiernp,tznF29ZAleU8
1275,855,mmaggorininq,mgOyhO
715,856,rofenernr,xrQOdZE
1389,857,mlessmarens,0CpWP17Wd
284,858,sdulennt,TALZcDb9Uaf9
574,859,wjaraynu,ahVtk9fDh
722,860,bfathernv,l8h9I6X9Qe
1361,861,hlongbottomnw,y4y9cevXPCE4
1017,862,kfluckernx,PsAAqIZs
1133,863,tsareny,VsQqTh9E0Fy
1887,864,djanasnz,qDXrp2mMcQW4
381,865,cdansero0,M955zoD4i
1675,866,jpopeleyo1,KiReUD2Dvk
333,867,wkondratyuko2,M1YDqVcQ
1724,868,dguthrumo3,kdMljs
430,869,cmarieto4,rMUcU5W1
770,870,bdunkleyo5,iyI06AxYw
1102,871,epaolozzio6,sJrBmT6yZRFF
1602,872,akimbleno7,BxYMtTaXv
939,873,cwoodcocko8,Snk7N8t
864,874,npearsono9,tFBfnrmNDe
348,875,mdunckleyoa,Aw0Mi5lA3O4
1793,876,rballefantob,P9rDaTv
448,877,czuckeroc,Is3WvknlaRFD
223,878,chavardod,SJodCjxBGPve
159,879,tklassoe,AHYrSxZ
1677,880,sglowachaof,mcnqe3CT
1389,881,kmunganeog,qX7aJvMJ
50,882,pcowleoh,9AOnGafIrr
1192,883,nkilohoi,dof9Fvjuknr
1254,884,amuddimanoj,79w8sYy
805,885,hferrerasok,pccNdd
1139,886,tcrosiol,AIMpR7
975,887,jbeldhamom,5z1HKY3pR
1205,888,drymillon,Ik2krlq5vU2
1712,889,vrothwelloo,jAYqax4rs
1306,890,nivashintsovop,0BqlmUo3
1166,891,ibonnieroq,m3oaL3Rci9
163,892,ffishleighor,f0fuowcm8a2
1769,893,hhatherillos,jU1e7wqlJr
1416,894,lmichellot,UCjWPIQw1i
356,895,cbotleyou,VCU07IGK
425,896,apletov,t0QJFMS
1235,897,gvanrossow,q1aYsj
1131,898,tfardellox,ugViaZw
431,899,bcomooy,kPzUAMcRs
935,900,rstrickettoz,czNTcyoRDZp
871,901,jmeadowcroftp0,CdnnIW1
515,902,cscottp1,6KWgGTD1pGgd
914,903,bcearleyp2,WzI64vK
1483,904,bsandersonp3,sYywMCJ
1844,905,lkinzettp4,x5pHUcw
128,906,enorthcottp5,LRzAA7z
1592,907,cmacfiep6,GhBNAH0g
1591,908,wadnamsp7,aRWpQkbNou
1292,909,mbuttenp8,x9cSKyFS
1818,910,powtramp9,ui45wWi
1421,911,bspowagepa,gHfbohT9yse
578,912,emaudpb,8mtYhb
1870,913,mphillipsonpc,zj1DDBhOXCiQ
1245,914,lgruszczakpd,5QwtE2ylakfA
1613,915,nshyrespe,O4WLGWIgg7
637,916,ochastonpf,03LThOPxrc
884,917,hcaskeypg,M46nxuVgjdU
1078,918,fmartillph,6fKtbZ
1708,919,bmccathypi,zsBbHeg8BGk
1394,920,bmaccolmpj,KeMVF8Xh
1202,921,lloreypk,vh1zWZr7QwIR
411,922,uevittpl,GRlGTOt7d
1017,923,wcoomerpm,S79Zodv
1553,924,smertinpn,82OGHp
1134,925,kbuttrumpo,S6fFQiT
49,926,alilleepp,ZgrWvW
545,927,awainpq,j6LD61qIYZ
495,928,lbennettopr,QQImcB
72,929,rsloegraveps,uRRPHP
978,930,astairmondpt,VeBXWGgAJf09
1534,931,mmatthewspu,ljZJFIb
1565,932,dmadlepv,KBApRpl5Pw
1826,933,cgulliverpw,xOuAftc
203,934,mverrillopx,WaWJWgOPZscJ
430,935,jdelaceypy,ahNnRpbEUpmF
1568,936,vthatchampz,FjGZon
971,937,amarnaneq0,cDA3dEHJU
671,938,dgeertjeq1,qBwb5qtKE
1017,939,aavonq2,ujeGdYy
448,940,sstodeq3,rID9Z8KB
1597,941,rollanderq4,FesBpRrCalQ
628,942,dtrussmanq5,GFnypW
1909,943,soakmanq6,2TIyrkPVE
1040,944,dhalladeyq7,JIp4A8
669,945,sclamoq8,RiOMjLh
1463,946,lbartaloniq9,LjoXegdWaPf
1515,947,cwestropeqa,yh7w8T3
1441,948,rledamunqb,9CLhMks2qR
189,949,sneubiggingqc,qE78eJz
1129,950,cbowserqd,GyHF6ZAN
687,951,gbeneixqe,87XErgVtByM
432,952,ntedderqf,bDSOqGIH
1761,953,mthurlbyqg,s0ORutKvhm
1232,954,eholhouseqh,A4laaY
551,955,cmollattqi,ckiBjQGPhdm
1844,956,resbergerqj,ZEFKTThCLjR
1686,957,pbedenqk,tdRv6906TXUS
536,958,smaydwayql,xq93nKL4bbC
1941,959,alettingtonqm,coJG52lcO
1173,960,gdamerellqn,7SHoY4
68,961,dsummerrellqo,W4TL5Ee41OwP
185,962,bgormleyqp,OGs2AVNZdb6
628,963,kramageqq,pv13JxNiam
1237,964,bscrippsqr,Ue4mDwD
1796,965,glivezeyqs,aaWgFpVR
403,966,gpenddrethqt,kejMnD
820,967,dfreynqu,9KxqFD
710,968,gvecardqv,TVVQodqZs3wT
1057,969,tdonkeqw,3nPzu1Yn
746,970,bskpseyqx,yXSkFuQFS
1063,971,abriggeqy,YYkhPaHP
537,972,mbiaggelliqz,49MCypDw
1396,973,acoskerryr0,36go6FgA
771,974,gcaseborner1,9zlxufq
1153,975,homarkeyr2,yYG0ArKt
751,976,scornelissenr3,KT9pWXLztg
1405,977,sterrillr4,6XS2t6z
747,978,mladymanr5,ZZYYOy
1665,979,gsarverr6,oFQhtZ
667,980,afolliottr7,0wUGl0
82,981,kdumphriesr8,JY5uO7
1663,982,hlitchfieldr9,IcXgfMj2sK
753,983,rscholzra,RuwoJR
772,984,ckingzetrb,57RI7LFv6Uo
1856,985,lvernhamrc,WZKTqtNZd
63,986,vklimasrd,cTUlaGlGsccV
786,987,lpaitonre,0RSMsZEh
639,988,mfaslerrf,Momo8S0wlGg
969,989,ecramerg,Ydz3YOKl
788,990,sleathardrh,tpRTSyfbeOU
922,991,vgallardori,5ocR6R7Vi
1681,992,wtenbrugrj,l6epCsZ
1810,993,sbredburyrk,ztrThHK
980,994,atommasettirl,FyPto1bCXA
1461,995,kscotchmorrm,WT74fxKk
1745,996,fsweetlandrn,5z8EGh
1651,997,gfancourtro,fEYfSf
127,998,mdagonrp,9CiYuR
204,999,bdigregoriorq,piB0r54u8h
697,1000,dbrisserr,OYIjKbT3Dp
785,1001,pbrown0,e3wHdXk
1648,1002,hpettman1,qC0JXTEgA
1295,1003,dbateup2,r2Txstw0
1234,1004,csergeaunt3,V0XOSpO
845,1005,cmayers4,Tv0zap
1460,1006,gdaverin5,sseYN3
1087,1007,hmckirdy6,FdOb6X2uh
992,1008,dschafer7,IszwuWW8
529,1009,akrabbe8,0u2IbsUv2VI8
284,1010,tbarde9,wwy2AFe0cD4w
105,1011,ngoodericka,yaBqwSr
638,1012,bgaythorb,2qHak03
103,1013,psennc,n58nxzq
1962,1014,bchifneyd,qH4KXnJtxVgO
1866,1015,rdonette,p38OtokYrsF0
162,1016,sfritzf,92MX2htNb
1009,1017,lpetruschg,jgX8DIHR
1014,1018,bbateuph,EVWsNo
748,1019,pgregoirei,bi5TfXw
238,1020,bmattackj,94AGD58Viaue
1657,1021,asumnerk,hwZc1M0IB
447,1022,llambotinl,NVdAk1F
601,1023,amarkm,p3kjl7DIgXHq
1225,1024,dweltonn,9pBihhyYJ
1914,1025,oallflatto,MZAAk9
1214,1026,bviallp,AqCpOhNy
970,1027,nbroadwayq,PnJdufH
480,1028,kfullstoner,KaAf3dmEj
921,1029,cbaughans,iVt4aPzoYV
1422,1030,bcamist,wd4gPckse
779,1031,sbenceu,8vdW9yV121ax
884,1032,utrinerv,4k0jYy7Vn3j
609,1033,smathiotw,oCBDumP
1708,1034,kstreaderx,1JPr2vKIuipT
1400,1035,eflewetty,6o3JUuU5nAZn
343,1036,rpresnellz,XBjgyq5kr
831,1037,amoggie10,WTYaOpwGC45M
860,1038,vabramovic11,q66HE5WQa
287,1039,astoffer12,6A6mfMhNA
367,1040,msmaile13,ZcDcZoADMheM
1420,1041,bcavet14,GBsbapjEaYO
230,1042,cpirot15,iTGMBqptIB
132,1043,acoppens16,WvQYWHzN5
1546,1044,hskipsey17,4YDuRA
743,1045,rfaint18,FZimutG
878,1046,bchiechio19,Szamhfuw
1382,1047,flouw1a,XG0ln9l1U
762,1048,ajakobssen1b,DRHu6pCfUa
1449,1049,hfarron1c,29oii2BQqw1s
220,1050,iringe1d,guygdkx
814,1051,acockton1e,g9d1kRuZbCl
1440,1052,kcavie1f,HWTM3fPG
1967,1053,amatthias1g,NMlfiGRIfE
22,1054,vcrilly1h,Tjvdf1pLUj
1267,1055,tconybear1i,pHKgOFeVJ
532,1056,sbraiden1j,ERm90jdsFJd
1865,1057,gventum1k,iws1tGFEez
1173,1058,abrekonridge1l,wVgAgw
1368,1059,azupa1m,99QhhNw8AU
480,1060,kbenediktovich1n,z3mQktEqx
618,1061,nspira1o,bY9psK3NEN
1885,1062,fwaszkiewicz1p,13AT7yFT4
833,1063,ttrainer1q,vkuhjQEQu
1211,1064,dtitcomb1r,6yPYyDv9gS
1647,1065,tboyda1s,oE7gLlSiwZ
1811,1066,delson1t,015RBMfUy
765,1067,ishevels1u,2VyBHHGW
1740,1068,ahiggoe1v,iqJ1ZC
527,1069,ejandel1w,Lwpc2X8y
502,1070,hbaudry1x,x7uTEqIL2
861,1071,xraistrick1y,kunkVi
1154,1072,mstockill1z,KBIDBGLRE
596,1073,mlongden20,WOpq2F4
1443,1074,dspedroni21,j2madRo0AxPe
1642,1075,mlimming22,HmmFVAIc5L
1168,1076,lganders23,fUtTyJlPno0r
1891,1077,fedleston24,ocXYc1hHPWz
1668,1078,lpenrice25,dE3ABMQa
425,1079,bhyatt26,axr2z7
755,1080,ssidworth27,lLEYtNma
81,1081,akeward28,jJKwO3M4NCal
1099,1082,cknowler29,DuWrgsIQ
267,1083,ipuden2a,MJBszcwi
1593,1084,rphilpots2b,zJoUoTNq6Vx
1458,1085,dwitt2c,gSgas3F2
1249,1086,flinforth2d,0tgZRp
68,1087,jbingle2e,KzxUKBuHEqx4
490,1088,apittham2f,2Wdyamf
315,1089,hbahlmann2g,ilUBcUugifk
15,1090,bclemenzi2h,xBMHkiyJ
1559,1091,mnattrass2i,ohcUaSrFExO
1641,1092,tnewby2j,8PgNvGkyl
1513,1093,ealbany2k,VJEIJt1h6Xc
879,1094,bboxen2l,69TCA9N
93,1095,sdunbleton2m,xw6jeijNHN9
1504,1096,omayworth2n,NR4Knly
825,1097,bbucklan2o,4lgmbXAX
1414,1098,gneilan2p,k7y7CTpc97uz
627,1099,bhearns2q,YOuf4lcLb
149,1100,wbottby2r,zTMHHvrsEMqf
1376,1101,mmatteucci2s,7CGArvJ6o
398,1102,lpaulsson2t,xykVVzEnqQb
707,1103,ddilland2u,K7jrBe7A
945,1104,tjedrzejczak2v,UelYg1a
1669,1105,jbrill2w,nA8chs
534,1106,speyton2x,8dRlsm
26,1107,cdibden2y,QdhPNm
1916,1108,akilliner2z,Ed4J9U36eur
520,1109,cczajka30,jof3jB
916,1110,bthurner31,tPXwUyVN
1939,1111,jkupka32,d6UqmGqzCi
944,1112,mthiese33,hpO7HJxF9E
1347,1113,afeak34,uthfG1
1203,1114,pclarycott35,dJnW9sgR
813,1115,acarlton36,v4PQrxiLlS1y
211,1116,troels37,zZxRU82
1716,1117,ldeller38,BiBaZcwx9Q
1812,1118,amcgroarty39,FgUOldtMz73m
1123,1119,prawdales3a,yzzPoYQ4QC7q
293,1120,ofacher3b,LrrLraSWY0E
1600,1121,mtwells3c,j0ewkX1LGr6V
657,1122,lhatzar3d,mMrelRZ1ug
1678,1123,sviel3e,NmNAdAztDN
26,1124,hblazynski3f,sULMpvq
639,1125,mdurrance3g,Ihs4urgaUv
187,1126,seglaise3h,GT7tXA
1756,1127,jshutt3i,U2CvWSP
1165,1128,gclardge3j,Vn3rt99
1440,1129,abreslin3k,8doGrWYi
1277,1130,eohanessian3l,knBjceb0
689,1131,cmachon3m,BvioyNNqx
869,1132,tjodrelle3n,glpIkvAaIA
1407,1133,kmorrish3o,Xx1pLij
1429,1134,bspringell3p,1V0cx4dqG
1116,1135,fwildbore3q,UAfPRIwv
1114,1136,jlappin3r,bJgARYpWTiy
557,1137,vmulmuray3s,Xa7qGHooKm3
1824,1138,mhember3t,xRcs3Tf
543,1139,slindenman3u,8xlItT
431,1140,jlaybourne3v,qKM6mVuPiIy
1567,1141,dverner3w,aww6BW
374,1142,rchirm3x,oVwhyF
26,1143,kbareham3y,z9vqxVUl
1468,1144,brospars3z,Lt5uCwR
1372,1145,tbogges40,LwAtoIVnmPG
1761,1146,dzimmermanns41,cpKnzgyunX
1998,1147,ccorbridge42,teidvLdFzZU
537,1148,agonthard43,BB0Bm5fNt
1931,1149,ashephard44,szzyrL2hHN
404,1150,kfritchley45,djQOByy2pxOI
937,1151,acopnar46,6wnuLl9Embu5
744,1152,nsapson47,ljWhYY
852,1153,rmulmuray48,bx8mEyexV
801,1154,vthornham49,kSf7Qb
54,1155,asommerlie4a,njB5Eyya0
1335,1156,ccelloni4b,f5LVs4B3g8a3
69,1157,ckisby4c,XxUAAXDW
1430,1158,gkenforth4d,LxCJD0wmj
41,1159,ntrivett4e,NcT8LX
1236,1160,rleprevost4f,wAfiLs
328,1161,gbonnavant4g,sdVlO6CCcox4
227,1162,acregg4h,p8zLuzZxP3
1947,1163,dburkin4i,Tibg5AvPJHd
1975,1164,sgiblett4j,7mU3jHh
1001,1165,thawlgarth4k,Eccmld
1396,1166,tiaduccelli4l,mmtPYGg
1307,1167,nglavis4m,ZlxksLTe86
1518,1168,pcolbeck4n,BGi8FgX1wG
529,1169,dwonham4o,pWAPXbvbg
1414,1170,mhoutbie4p,R7yCix
264,1171,csmiley4q,J20RZfm2Pxt
242,1172,uwildbore4r,JZ6Y3rw
1621,1173,blandsberg4s,ydN7ho5Q9lu
1165,1174,ashrubsall4t,sQ2S1EakaH
532,1175,lflori4u,7RQK9ryinl
1295,1176,kkirsche4v,oKtJKmdjC2u
1473,1177,tnewgrosh4w,ryhuWNjcw
828,1178,alegrave4x,ViMQdhJ94H
1412,1179,nbrettell4y,twkqTq2z0
757,1180,faizikov4z,RcazAlOi6nt
124,1181,nheinonen50,6kElEMEz
518,1182,sconws51,Mky7W1cl392
172,1183,smackleden52,AM5sC7hTymPf
1723,1184,hhuffey53,cnnzFRwpnY
654,1185,kmasi54,LIKZ7X9wxF
1429,1186,pkas55,rVCLoZg7
902,1187,kpomphrey56,U89bDGfwWsOG
1825,1188,ndelaci57,cOLIvzBaxR1H
565,1189,cmudie58,iiei4ZaH
1834,1190,rbolley59,UGmWiFReQ
314,1191,ljillitt5a,AaXS6Mn5v
792,1192,kreddan5b,NCyivG
808,1193,bneild5c,mu2Qi08TWkf
299,1194,jfarfalameev5d,m9ghSGLJ
1672,1195,gclaxson5e,cSpujdpu0l
749,1196,hbaude5f,1p3YBO5X4
1132,1197,dcroson5g,EBlItt5Q8WhS
156,1198,bakers5h,IDtUTHAZsCr
1360,1199,ppetche5i,US8lTKIw
854,1200,siacopetti5j,bG7P6xcANE
436,1201,lcowle5k,9KZ7bmBeUNM
379,1202,jraxworthy5l,sqrlt95G
164,1203,eocrowley5m,MiriWu20lRuX
1572,1204,otrevear5n,5GZjhHemtJy
1275,1205,hbachelor5o,V5ltl58KBM
773,1206,aconsterdine5p,BO5pcewH
1734,1207,mgrabiec5q,py3arJ
912,1208,jkorn5r,c6EjZhp
1193,1209,cdoust5s,vrBr4k3Pk
1565,1210,btriggol5t,C3JFf4
81,1211,ccorah5u,kYhVh088vhn7
1441,1212,tramsell5v,BUp9nlPulX
1752,1213,fmcnulty5w,BBquxnBBnc
681,1214,esoutherton5x,3XNPgqFW
736,1215,skroch5y,hPrlKvFXv3Gu
1533,1216,shuie5z,tIumfC1zYvA
1749,1217,thollingsby60,moID2Qf5l
1724,1218,pcristofor61,UGZbDX2
811,1219,fhaggie62,wqKqul4vlEfY
1049,1220,kespinha63,cRIY7Ni4j
1296,1221,rgoldberg64,UZj064
107,1222,sbonnavant65,SYphzWXVCt6
1336,1223,jbraiden66,ZqukIN
416,1224,wsilverson67,3YfjD65
871,1225,oproughten68,bAnl0VKVu
594,1226,crainbird69,dVmMuA
350,1227,ckeeney6a,ih5CvmSk5yL
1773,1228,kcoltman6b,2qq3NwRgVTu
940,1229,lboik6c,z0ypK0wRop
339,1230,ucastelow6d,VeQhrB0
1572,1231,cpoyle6e,6THsqtZBe8
1655,1232,dtrimme6f,PVIXXckTMA9U
1639,1233,ecrissil6g,t9HKgpejsZj
1305,1234,shook6h,4A0b0w3s
1027,1235,tkernell6i,4ENJYyP
275,1236,cheis6j,qd8VTOV0n6y
1895,1237,jtruesdale6k,LOddrr2VFcX
915,1238,adurnian6l,E1AOXRL6CET
201,1239,eolifard6m,q9BofsAwj
1030,1240,fweekland6n,yjbjbAe4L28
559,1241,grenneke6o,Gc4mmMO
1531,1242,glambillion6p,8phIb2dH
1036,1243,jstowte6q,GuNa3qEAN3yF
297,1244,crudgerd6r,aKOHROQ7Jil
1400,1245,hprawle6s,o9mIWBiFc
1607,1246,dosuaird6t,1hJGx7
1161,1247,ccope6u,dgzI6oZsMO
1657,1248,mkroon6v,OXVqBTKUr
518,1249,ahardingham6w,VAjpLf
1187,1250,mbenaharon6x,bqF1q7dK
427,1251,dleser6y,YePLogaK
1444,1252,jbumpass6z,En1dnARcvo
304,1253,dwassung70,BtY7rBb
345,1254,cgreatorex71,HHEZnrgSo75R
1771,1255,rnoir72,CU93T68bIUw
197,1256,gdoggart73,Ox7xmHInn6YL
1522,1257,tchild74,HI68Qj
604,1258,amckinie75,yQX4SaJr
1602,1259,astrugnell76,midRQct
294,1260,iellsworthe77,nVe3fnwGr
528,1261,afealy78,lkGXgDpvJ
542,1262,kstarmer79,6oo1Ar
1397,1263,kmelmeth7a,5H08BbpC
1707,1264,obamblett7b,lNVlkWQWe
1954,1265,bstapels7c,nqWDiAGHiAt
1283,1266,isommerfeld7d,dNdo6XGXN7
1107,1267,fchater7e,NgZEQabLYPoP
745,1268,ajirus7f,xf8xuDgS
1782,1269,rmayow7g,qhbQEDtLsIO
1918,1270,pbriffett7h,1MDhzCAbWEe
718,1271,blaurie7i,asaAyGZR
1511,1272,aharbard7j,HG9uoACQrHjC
1687,1273,ibuten7k,7PwmTfn
335,1274,nashmore7l,IhEEVco0ADd
834,1275,lansley7m,puv5fKXi
1622,1276,lvardie7n,Cy3vAIewdh
1509,1277,rcrosston7o,KfqbaJIwDqp
1351,1278,vdickenson7p,yy52rdXgH
22,1279,jbertelet7q,g8fGY91zvIS
970,1280,koneill7r,n3wFd7zaE
1030,1281,cbosma7s,xj3DcThpfkF
822,1282,kcampos7t,VUVN3Hy
240,1283,cryam7u,SCKrXHhxKBnA
1534,1284,lmatthiae7v,QcJrdU
1267,1285,mfausch7w,uEIyWTtA1
632,1286,aterrans7x,iUmisirToZ8
1079,1287,fbenediktovich7y,b5Jv75N1Ghu
275,1288,csone7z,e1GVjy
310,1289,gmcduffie80,WALXLr4
1988,1290,nwalsham81,47KrFdmE
939,1291,psurphliss82,2SJJC6eswg
878,1292,hsmiz83,J3dzzUsqu
1448,1293,nfewlass84,jdLhOiAqGPDi
338,1294,bwarbrick85,ccLIo57
827,1295,lsutlieff86,7jAdyJPP
428,1296,ccorriea87,wF2JyfU7fe
1835,1297,fkacheler88,OK0zE9IaO
1181,1298,ptitchmarsh89,SULBnWAxF0
5,1299,clicas8a,4xWW6YBs
1144,1300,rsugar8b,DZXW9Lh0cEI0
1777,1301,eradband8c,KscK9G7n4
582,1302,eplante8d,4X0qb6uia
449,1303,tvallow8e,FIYuvF0BbkeF
1723,1304,lkesley8f,D4StIegBw8
560,1305,dmarty8g,rNPCMkdOq0K4
855,1306,bwhilde8h,3dPvvH
1076,1307,ldeeson8i,pRcrk6mun
706,1308,fgore8j,1jvD3IN6vJ
754,1309,jvalentine8k,8ByyVs
1202,1310,hgasnell8l,MlIwMsQU72x7
1964,1311,bwigfall8m,k7gaTcf56
655,1312,dcornner8n,Kkyc6rkY
1849,1313,jubach8o,HudjRgVAZYY
1691,1314,sshavel8p,L8t3I5b0
1754,1315,mdisbury8q,o9S9hAIgen
649,1316,kgudgion8r,bKvab93
963,1317,imcdell8s,LMQym2
1863,1318,aveltmann8t,H8UU60z253K
476,1319,dmacalester8u,qVEeLPgd
229,1320,sbortolini8v,2uT5DsGuk1j
1182,1321,gmccarrison8w,evbtMkEWH
1140,1322,jbysshe8x,cuF9dr40E
172,1323,mgrigorey8y,hVKdxgc
843,1324,agresley8z,FgS4Px
1368,1325,nskala90,Kc7EbBP
1545,1326,gledeker91,kWOX5VgcbYDN
1341,1327,adunbar92,kfbEP2hc0
706,1328,aducker93,Bqp0Hp
1195,1329,kohrtmann94,kIAePpF
284,1330,ewimsett95,PJ2h3W8H
631,1331,ddod96,DDuCiE
1897,1332,cberkery97,DZxpdji
1965,1333,lstops98,uUmgXQSFh
247,1334,fdorcey99,vNavYYj
436,1335,cbourdas9a,DsuQeas
15,1336,acoggill9b,30e23poAdKP
304,1337,afeehely9c,SSgSQO21Si
629,1338,jlombardo9d,wR6nzaN7RLO
30,1339,bechallie9e,bYxOHy5lnHB
1568,1340,kdrage9f,3EDy4v3oVN
1537,1341,klogsdail9g,4alqIIV
1673,1342,neales9h,TQpQnPsS7
1668,1343,bfossey9i,dkWFhbu
456,1344,caddlestone9j,qvdMaDKi
1516,1345,msammonds9k,By8RTItD2r
1904,1346,cverney9l,1Zmcsqf
911,1347,rmitchener9m,yNRz74
143,1348,hmussington9n,CSA2AeXjzVu
1006,1349,cchatwood9o,1CpDk7
200,1350,cmacquaker9p,c8Al7K1
17,1351,afishly9q,TuCB8yexvOWq
685,1352,mdaber9r,esaA1ULKV
1381,1353,astockin9s,iX3GEl9u
83,1354,sfarguhar9t,hUqGmLr
1458,1355,phatfull9u,wZJ2FP
304,1356,gglossup9v,JBVKOcaS
826,1357,smoorey9w,0NgJmE
301,1358,fphythian9x,ft5hJAIq0Bc3
1465,1359,rlittlejohns9y,Ewkg4B75FJr
1951,1360,adarnbrook9z,KsGv2Swk0
1179,1361,khatherilla0,b0C4uFT3osT
174,1362,vghioa1,7Yf1JqlGbzOK
116,1363,mmiddasa2,koemfJwfbL1
979,1364,astutarda3,49FVLOKQ
1423,1365,anoira4,SlBqzpZJ1J
1042,1366,abuschera5,BYwAXlYj
622,1367,dskegga6,JzFSfENK
97,1368,amaltera7,AZRYqDXOtnt6
1144,1369,pleflocha8,0FAl2i8S
444,1370,rsaylora9,N6PbjQI
1630,1371,esheildsaa,LBazzt9rZfcv
462,1372,ocowperab,nQnwRA5Twx
113,1373,lyegorkovac,JuRjwO1uW
941,1374,fbanksad,yb4RD2Dq2
522,1375,jtaylerae,4rMMhknnqxs
368,1376,meckersleyaf,iwHqBEStyzj
219,1377,rwardhaughag,GQzF9CZ6G
1855,1378,bmattsah,C9uH5X37
1291,1379,tmougelai,UzoPk8X1S3
296,1380,ksedgemanaj,YUuGEiK
609,1381,llevingeak,LbGpSJ87QoMW
669,1382,azellneral,xJCVDeyMd
450,1383,ngarfordam,yPf4pdCEcq
458,1384,hwheelbandan,EogVnmL8
677,1385,gravenshearao,A5Bpn8z7rfB
193,1386,lgilhouleyap,hYdvdUU5lYo
801,1387,bcubbiniaq,3iuL5vrv
324,1388,jlacostear,iaen6WyP9q
1371,1389,gskaeas,sgoVb28mK
649,1390,methridgeat,1MqnXGiSd9p
1424,1391,idomerqueau,rzpZb71OcW
716,1392,dcanetav,qFU1el
902,1393,glongstaffeaw,FzdoMbJ8
238,1394,igiovanittiax,Lb86SP
1005,1395,dtoothay,5E1TchBL
1447,1396,gwrightimaz,j2XLDk
14,1397,acarnierb0,33HBZRBGx5
1877,1398,bgranvilleb1,CiesTdQC
856,1399,adederichb2,K61juN
1213,1400,elearmonthb3,4qPYfd0Y
1981,1401,dhalworthb4,OSOEH2zCF
91,1402,dvinsonb5,1gwm43
1910,1403,ckinderb6,LcHKGa4
995,1404,esimantsb7,ceVMSckCyM
697,1405,hvenablesb8,vH1PRBwHob
197,1406,tdaddab9,CiaOBrbG
891,1407,teckertba,ajfnLuWr
1885,1408,rbruninibb,GpYQ7HJDfBOt
763,1409,gyakovbc,ERMyTDz7dNBB
1589,1410,ariversbd,MdThYJyE
82,1411,ppozzibe,KftJLQNYo
673,1412,rsearsonbf,M1eRmyIn1r
190,1413,lshawellbg,ZiEB9rxDcd
1887,1414,zpattersonbh,8LgShsTuYNN6
507,1415,lhurleybi,vRoYHdo
415,1416,zshorterbj,1UUZqE
492,1417,rwintonbk,yA7F25G
1851,1418,mtrimblebl,pz2PYPJuJY
1711,1419,rblaszczakbm,rO770XSYhKM
1475,1420,mduffreebn,5c05Vn
1862,1421,tdelortbo,kpMszPIZaT
143,1422,mgibbonbp,rF69hoN7Ifyy
713,1423,eantrambq,myRsipQU
640,1424,dreedersbr,5TDDKbfTMZL
1684,1425,alautiebs,QEl5SFWBjF
915,1426,aiacovonebt,xoleB4bBp
690,1427,bcominottibu,3IKxx9PKtaVc
1107,1428,inewlandbv,DNlHVl7R6
1596,1429,rgerishbw,CcuwWPKNaNRZ
387,1430,celecumbx,srcvU3AUB
1726,1431,leastwayby,yqh9w6R
734,1432,zsherrocksbz,cztXEW5
1170,1433,echargec0,j9wNKh2Jqb4
972,1434,ksantorec1,rBTunxc7Bz
1097,1435,dwatkissc2,L8hSNIj
980,1436,dsnellerc3,UoEFXxzdA
1199,1437,lheinigc4,C2766PDSA
287,1438,mamangerc5,SPOAM8
993,1439,lseggiec6,LbGiUHSFWCvX
523,1440,noglassanec7,jOZtxy90
1713,1441,gpawfootc8,xDSxEb7U
547,1442,rosanc9,ePLNWOR8YQo
869,1443,achaffenca,JsDvCisKLun
1799,1444,kryvescb,iEGvPGCWCRB
329,1445,bosculleycc,A1QS3dvA8Nd
1813,1446,agoodwyncd,EVEpJamZC
877,1447,ccaffince,4KgS6Z9i7O
1789,1448,jmerrallcf,dbhuEBuOTz
271,1449,ggreatrakescg,maQxV25nW
1163,1450,ekeunech,DLK3GC
1976,1451,nmacieiczykci,CbOJTuG
387,1452,jbarrowcliffecj,eH63euqdM
1247,1453,cgodfreeck,8rulmkmSv
247,1454,sbremingcl,uRIQ3D543Pp
74,1455,fmacadiecm,G4LTnk
1181,1456,ibirkscn,7TPk1gwIOOg4
1045,1457,rcornthwaiteco,Uz8c3IIPFhfk
516,1458,rkirvincp,AqlxgWvYayK
313,1459,ebultitudecq,KTqqCf
185,1460,wlavistecr,EUctWeLfgjI
551,1461,ahammantcs,hJnCMf1QQXKj
1435,1462,bkingzetct,mno861TFYtl
518,1463,fkidmancu,5aDARR
694,1464,bgeorgcv,0hSRhG
238,1465,nmisselbrookcw,plGo7G
248,1466,fblazynskicx,bKGaseE
1315,1467,jspawtoncy,sqJVrDDcy1fr
17,1468,fhalidaycz,oMKlBPA
234,1469,jpierpointd0,lzhmqrRh
299,1470,bmarchd1,pbEHIGvGBK
1600,1471,sgroomed2,nJTWKbDc
1250,1472,pquilligand3,Kh9xpRSW
373,1473,zwhatmand4,Lsw2j1J
1585,1474,dmckimmd5,TVA7qP5
1248,1475,tcartmaled6,cqBoaYd95MS
826,1476,bmiltond7,76zWo70f6b
1943,1477,dderxd8,NikpVDb2WQ5N
281,1478,jcalderwoodd9,iIL1hZ5Tx
722,1479,ldungeda,JD7JjTZ4t7
1633,1480,vcordsendb,yN40lR4b
1548,1481,ntravisdc,MMbo5NZf6A
1668,1482,dzanettinidd,e4cjOn
1450,1483,mdurradde,SUvlcuITZXw
1961,1484,rwhitnalldf,E1varlCtRi
1192,1485,psaiensdg,tXvEvt064Oo
939,1486,cmclaggandh,85gLfy7HRQ
759,1487,ldalyieldi,jIlME39
1912,1488,otyzackdj,YMcxba7GFP
606,1489,raudsleydk,fNPseMnq3D
671,1490,dpaskerfuldl,WaWfnvfCt
1736,1491,kcoursedm,nArSBhZzd9eK
1329,1492,mciccodn,Wl0RfQ
1955,1493,ybilbrookedo,C5RR1wpuciS
200,1494,nmalonedp,Uq8T8jql7ArI
287,1495,dkhristyukhindq,hbE91WGbh3
290,1496,snewvilldr,J13yA4V
1394,1497,bstitleds,7N02v1f7
1477,1498,svigoursdt,35nMC9C9Gd
1217,1499,vfiskdu,PleJDdX4
401,1500,wheggisondv,0YMWCUs7xR
834,1501,mparadisedw,2ZwnFhfDCE
1937,1502,hdudekdx,Fnc00pairq
1705,1503,kleggedy,arNf2QgLNc
328,1504,swormleightondz,sooimPS
1609,1505,tjeanessone0,fNcxL5bGg
1124,1506,mgherardinie1,84TRpvntS
1559,1507,hmongeote2,ADUHfadtM
459,1508,mhryskiewicze3,9C56yzvGK
1440,1509,lcameline4,ldEQsVqcs
1313,1510,pcapelinge5,KTYuhnYX8R
1458,1511,sbergeone6,TySO5B3cYc
16,1512,drushforthe7,OoqLLg4X
936,1513,aekkele8,pKRdktcL
1179,1514,abeckette9,stbdX86mQ8
1197,1515,mnorleyea,HXobQDMAN1K
444,1516,cbineseb,aATpOsbYnFag
1906,1517,mbelchampec,3PexbsOHGD
884,1518,rformillied,xbSK6MR1
1585,1519,wbodycombee,VFqK398hD
1766,1520,cmendelef,25Sanb
914,1521,eshaddockeg,zquiNzEBAq
1270,1522,bleabeatereh,NlPOx9
1544,1523,jonealei,VDGw7vARfA1
922,1524,elemaryej,Kof7R8ibu2Wu
1116,1525,grodenhurstek,skZ37xEK52M
809,1526,hwareel,FSBeXkBk62
1715,1527,aocorrem,E7CkLHyff7
1079,1528,lwildenen,LeGZTJ56s6F0
1877,1529,vbahleo,cgHwFXjPpkP
246,1530,pfearesep,EEwklGt
1907,1531,oduckerineq,lBXXc7Le0tYe
1149,1532,wtedridgeer,j8oFqSNl
194,1533,ecoltenes,kGd3ibDp
200,1534,tblonfieldet,RN0dvzL
128,1535,mmarrianeu,Uoccdv
1142,1536,gkingescotev,Kv4uFUNlVzPe
1354,1537,kbratcherew,N04dCrD
1937,1538,eboweryex,eF95hyIJd6fw
1886,1539,lwestmerlandey,BY8evB62ir
1990,1540,tfauldsez,bgqiLV8
860,1541,jbergstrandf0,W5R4b0lq5O
1767,1542,gvaltif1,3S4RLrerpl
540,1543,bmarzellif2,dCwMh8
409,1544,rsetonf3,l3eFZoEKYM
1435,1545,cdawsf4,VjlG4e
1516,1546,cpascoef5,TvAG1yXLTs
982,1547,esalamonf6,mLaR8lpFmI
662,1548,jbartletf7,vN3e0JPaRs
355,1549,bbatrimf8,vYeLgTf
1929,1550,mbasilottaf9,3x5xuwGMP
1385,1551,scoultasfa,nAmf2XcJ
1053,1552,ccorraofb,Udu9S6rDSb
250,1553,beverleyfc,KzTkGgPBY5S
130,1554,mkeelingefd,LkEZsSZ7Bn
1884,1555,cwhitewayfe,kWgOhA2ICN9
1676,1556,misakovitchff,kFnWYZ2D637w
428,1557,mauthersfg,StdgWfU9
444,1558,nhentzefh,IyEZMNLYdrJ
1304,1559,djacklingsfi,XFNlJDvd59bK
1888,1560,tscottifj,DhpYpVmu
111,1561,bfinniganfk,fp31qVeknQEz
1743,1562,fjeremaesfl,wRa9aEZdDJF
1140,1563,btreecefm,aQ7pldi6i
520,1564,eblacklawefn,EQ4xt8JEwU
967,1565,hcalcraftfo,KoLdX4V1a
844,1566,rgrimmfp,HzDf3U
820,1567,dtenneyfq,Hf7FXdI
1136,1568,amattholiefr,6TUWyQ
1313,1569,cmangamfs,O0ae8D3Zl0V
1311,1570,loflahertyft,fLLiJjMUJ5V
919,1571,ldaveleyfu,efI4uEb
385,1572,jliddenfv,d0EMagpeUw
1997,1573,psumpnerfw,TH9N2X
627,1574,gflackfx,aQD2zO
1612,1575,vbrandify,6hPHtJIIEmvZ
1324,1576,byurchenkofz,RJUlm1MxHU
1992,1577,cliddeng0,GtUiWT8xYdvv
392,1578,dbedbroughg1,LAEy0UN
106,1579,pdyshartg2,YQBYntW
1652,1580,gsigng3,xWsWNfLvJ6
665,1581,mmcgillivrayg4,1pHREYR6YM
1146,1582,bleareg5,WFt3jJvdc57N
873,1583,machrameevg6,TEc7S3O
1101,1584,atampling7,wg91vfIN6JW
433,1585,pwearneg8,cJyYE8gmk
1041,1586,jbalthasarg9,YQRf2TCJ
1562,1587,gmatzlga,PfwGoQvMLwq
129,1588,cmatyasikgb,XiCyryZs44dQ
1610,1589,apibworthgc,BDcVVwQP
1593,1590,ccuttelargd,71uhOQWvhjF5
324,1591,nwysomege,aqT3zQJb3Bb
1419,1592,rwollastongf,i13FPoa
99,1593,fclinkardgg,v4rnUTod
1432,1594,whallewellgh,7Nwt4t5C
466,1595,eswettgi,0xHMPhD2qnHY
658,1596,fwehdengj,zHBAzV
479,1597,dglostergk,G1P48xrcti
605,1598,smilkingl,0CLv8B
55,1599,sberneygm,R6Hq0ANyIPD
1100,1600,abegentgn,pVoCDNqsqwT
108,1601,ntamego,Gv8LAnJ
755,1602,gcootegp,kzxdkLZa
386,1603,cstollergq,25bVge3ti0AC
57,1604,jkilbourngr,8yEr7Qkp
773,1605,lbusaings,C7FkdkHz5sx
240,1606,deschellegt,iINOBxLK
546,1607,fferrariogu,0wrsST
1645,1608,chinschgv,SgoQksbl
1707,1609,jbelfitgw,vBesd1lwoc
1636,1610,glauchlangx,u3Fn6WUU2
1196,1611,ftiptongy,Pb5kEHG
1182,1612,kmcmurtygz,Ssmm7d
617,1613,bfazziolih0,n8grXCt
1959,1614,sbiasioh1,ekqQe7CA6
559,1615,ucarrabotth2,5Iq0yMWMLB
1415,1616,mconneelyh3,WgF0Iox1
1526,1617,lbridgerh4,4IsIE5IRM
1142,1618,ccrippellh5,QHG6O1a1Rgs
371,1619,clundbergh6,XV8078RUfZy
1303,1620,sguilleth7,k1ouSDfckMm
375,1621,brameloth8,26kbZRAW2oz
254,1622,bguihenh9,LPvk2HgA
604,1623,ksegerha,xGa7GmG4KyuS
1831,1624,zbelfragehb,DOv8B28CU
619,1625,nsafferhc,TNe4Kmtld
1755,1626,arizzonehd,dtOgqxZwP7Y
806,1627,nsimlahe,lishksyC
17,1628,leschalottehf,CtnGlC1hf
1272,1629,sgunterhg,YNyGSnROGkRo
1272,1630,wumplebyhh,K4Zv5grvBH
215,1631,mjahnshi,NsmVN0
312,1632,churworthhj,rGwbrDp
771,1633,bsnowdenhk,vmkLYu1f
1933,1634,cwornumhl,vcMfVha
1427,1635,oclapshawhm,vDITjYKp8
629,1636,rwillerstonehn,cCrmMr
972,1637,gwooffindenho,TumYbybot
234,1638,ctebbithp,zPCXIIEOXV
938,1639,mwardehq,6cDDqd
1174,1640,bstrippelhr,BiFQHYuP5XX
905,1641,pkemsonhs,AS953YVpGVN
1169,1642,rmargettht,5OqEreLA
1326,1643,sdurohu,dlbRc2K99
916,1644,yhitschkehv,9bYQVsuhYPT
403,1645,kbarbarahw,LsXAAAwOYEO
1565,1646,alesurfhx,INQIb3hWgyks
608,1647,bedmundhy,i8MzernCHNK
1635,1648,dfrangionehz,JUVIfR
355,1649,mpenningtoni0,bAHsjrMzpSyo
1285,1650,lshawcrofti1,MCB3TCmt
1749,1651,vsnarri2,eGRbJpcoGTI
614,1652,kthomtoni3,9KsJO29sxik
488,1653,aeltringhami4,NzMgRpZyj
1810,1654,kmellishi5,7uAvxI
1713,1655,cgradoni6,7au9Wjq
1382,1656,khacuni7,HinkLsva4md
1731,1657,jgennrichi8,bMIEkd
661,1658,lbernardti9,6YVJvovrX
126,1659,hdilnotia,vykiHQg
260,1660,tbagbyib,QwvcZ5
1565,1661,esweatingic,qnS9pvxVh9b
925,1662,lschumacherid,ryisOz
1380,1663,dflegie,PbPtwspV
1160,1664,asyneif,GTt3tmJjm7jY
689,1665,nlewryig,k5V28m7o6b
1357,1666,sdreweih,yxLVkmui8WsV
1535,1667,kjoelii,5m8VhGsQTj
1690,1668,ivanettiij,WsSOSO6cH0
773,1669,lkatteik,K2El33C
264,1670,melmeril,SkF3SjpCqI9
1583,1671,dcoskerryim,mOnj2osd
948,1672,dcurryerin,uWW4OKAL
306,1673,cdollardio,kIIGaMXT
1541,1674,skiesselip,ROLkGMuF
1622,1675,sewingiq,QUe5A1
1364,1676,pshatliffeir,0WbGyiC
268,1677,jstoresis,rjIMcSx6TK
1127,1678,jyausit,rzQLGyu7B
146,1679,ctrulockiu,TDCnMkj1U
851,1680,mdennisoniv,qlM2SvzhX2
828,1681,chickfordiw,rGtLfd92nIEt
68,1682,mdelacrouxix,xsoTRc
1165,1683,cinglibyiy,NDQURqE
1781,1684,jsherebrookiz,HKGefMyu
718,1685,lducarmej0,sGqcHSY
180,1686,ljuddj1,jVk7n4Ef3ox
286,1687,akockj2,UYQdCDDE
487,1688,ebraunesj3,a8J6wVnYMkT
1734,1689,cfarnfieldj4,PyVKk8q
835,1690,tknibleyj5,x2ZjIfx
663,1691,hohaganj6,zlyJTzLpUyg
1059,1692,fmackinderj7,c7R7mfP3yE
1704,1693,klebangj8,lEwGgpW
1768,1694,ncomelinij9,c3TWWe
929,1695,abrotheridgeja,wQnN23cHE
1137,1696,dskewsjb,YdswXYbsYJoY
954,1697,fbabonaujc,a6DGfI3gzMg
1900,1698,ebendittjd,Lgagyk3Bj1xR
603,1699,nlautieje,6PsTZJo417GB
968,1700,ehazleyjf,d1E4wO
1868,1701,sraspeljg,l2E4XE
1779,1702,cgrzesiakjh,xr0c2h2ZCw
1281,1703,wgonzalezji,IULmEeoN84
406,1704,dqueenjj,RCwabkE
566,1705,hgermannjk,NAYMslQq5u
1120,1706,eblackneyjl,k5sGGoN
1408,1707,fwillavoysjm,Z6lxma
299,1708,kmogganjn,tb7dPnMIm
1540,1709,sluterjo,646qWBk7GG
1617,1710,tkeeneyjp,SjhcaDWm5H
1202,1711,wmenghijq,6G3DPjOMp
135,1712,jleckeyjr,uJrzZNkxx
842,1713,erusseljs,pqaziKeD4US
589,1714,jfleckneyjt,pFCTeB1TX
1393,1715,rrochfordju,oGvyT1PQp
928,1716,flagojv,CGxuF9
1369,1717,adoberjw,g16tD9ByTj
1157,1718,tdroghanjx,AgSGzWpLv2C
414,1719,latthowjy,Phg1icLWph7a
207,1720,tscocroftjz,eAIevw9I8F
1938,1721,fgarlandk0,8GD5ygh03
1619,1722,ichildk1,PpUfgECtQG
915,1723,kstuddek2,bWWu8SY2x
1173,1724,dmappk3,X7jlNN56Dh
1974,1725,bescalerok4,W3L2ZHd1
410,1726,nagdahlk5,avGCAk9I6
1642,1727,hgarleyk6,edtzHuiJ4Ej7
1403,1728,csearchwellk7,HtPL0wHi8IdY
1566,1729,ahannigerk8,5qaAOcZaHE
129,1730,cpardonk9,e3KD9xWkqPEX
589,1731,uhalksworthka,FJzSp0g
1463,1732,flefleykb,nYJvZqS
1834,1733,bkelleherkc,P5tnK4NU0x4F
1807,1734,agamellkd,14LoHIDyrJsa
1338,1735,lantonaccike,wRPQUWGHsO
848,1736,kaugarkf,OolgkjBj9CC
358,1737,cmcffadenkg,E9QaO8hv6
535,1738,wsingletonkh,QcOXif
1809,1739,hpetworthki,7fqXLKz8
1638,1740,pmorfellkj,y0aL6i
233,1741,dguirardkk,O5x1XbQ9
10,1742,cjuarakl,Fcb2YY7V
954,1743,crobloukm,fRnwZkul8
329,1744,dayreekn,AAeqIIltEfnW
72,1745,ddayesko,AIcqiaYphA
107,1746,ssapsfordekp,CLMEvx0U4aAz
1182,1747,dkestonkq,dPewMbf2
920,1748,cmussillikr,NNa0MP8tuWy
710,1749,dmapowderks,KOwoov7T8EL
1805,1750,awardlawkt,Gy4h7MF3mzpU
1054,1751,wquerreeku,G96EVG9bNEe
1035,1752,tkellogkv,AVzyWTe
1771,1753,ggladdolphkw,QFeNyzuhoX
1081,1754,bbernardeschikx,8BUXg9wyR
833,1755,bhoulstonky,I30bntholArz
502,1756,prandellkz,R4ZlRX78
1721,1757,vromel0,hyxYTF
775,1758,rmatzkaitisl1,t1A6lBd2xg
840,1759,kskillittl2,hT0Klb
175,1760,bwickesl3,FswT2RVOo
208,1761,cduckeringl4,VRCvvt
1968,1762,epasfieldl5,NplBCrw
1702,1763,ariseboroughl6,T0r6xjfw
1295,1764,caldisl7,15xz9X2
362,1765,jliebrechtl8,giJ16TNQVt3
1511,1766,jbartalinil9,e6QyYbj
596,1767,malbistonla,rEeMaq
434,1768,twestelllb,YYxVEzw
1143,1769,dcarwithenlc,PEVFtFaa4u9W
1093,1770,tbalaamld,mGdKMOVemls
1829,1771,amachostiele,DDU2ZOVz5oh
126,1772,ogrimshawlf,4QKBThyv
1803,1773,pgammelllg,qQYDn4gG3U
1138,1774,aploselh,oSeirO8ZGSs
1049,1775,mhowieli,7u5yfeB
1779,1776,bcorneljeslj,fqiPIGUsV
852,1777,ehitscherlk,dA7Ym9TV
631,1778,mblockeyll,q7ZmJVfb
1844,1779,mnaeruplm,6mvODYVBTKf
1243,1780,zsorrelln,pH83hV
1477,1781,gglasscoolo,FSjIXv
1072,1782,tporrittlp,kNNs5Gnz6H
1263,1783,zstollenhoflq,kSJFFMK
1736,1784,ystaddenlr,UBBjp81F7fUI
963,1785,bchapellls,AFvkL8k6j
1530,1786,bgoodinglt,z1PDEB
167,1787,hparradinelu,zrObisH
1565,1788,aduckerlv,gWPImhlcb
166,1789,rstuttlw,J01nXflN2EW
103,1790,dpoylelx,9XjOc0ZAV
1885,1791,rgiacobilioly,6tMqgIO2VcRT
102,1792,ccouvertlz,0dGPiHJ
623,1793,earonm0,Lr38jVv
1227,1794,isclandersm1,K0HBQCSu
591,1795,ngierckm2,UJA8P0
221,1796,mpeaplem3,xub7si0wr
92,1797,sgonzalesm4,Ndt1J6BzOe
1590,1798,jyegorkovm5,PpLTXP4lhs
1122,1799,rbrandlim6,XRqgvyMultI
667,1800,bmeierm7,vBmJmBY
1817,1801,rkemetzm8,p03nDi4Z
1547,1802,svinallm9,UXmH9yGZw
305,1803,hgatlingma,mULOehim1Sn
1980,1804,cwaltersmb,N7ag4JR2S
1002,1805,kmuddimermc,ezfH0H
558,1806,bdunphiemd,QFVb1dWTne
1641,1807,wdegregolime,7QaLbGXK1
574,1808,sodempseymf,grI2GPVhr
367,1809,raikenmg,4x0UDYMpzR
854,1810,bcanteromh,4GeNESvMCSG
292,1811,cskymmi,T6Htqx8kM
485,1812,pthurskemj,ze8Ubee6
884,1813,wguesfordmk,tE07KUxd7
1361,1814,bshyramml,5tfmONCi
1436,1815,ppenkmm,xaZbdn7aKn7
1088,1816,gchilvermn,qgp9Ul0q
813,1817,ocolbrunmo,kfqQ4a
1720,1818,eplumbridgemp,8X2Q2CR
1199,1819,jdrinkhallmq,8vqDsNlhb3b
1133,1820,jrosettinimr,uwnfihtBEC
456,1821,shornbucklems,GVJVtKp
1028,1822,bcalemt,lOWKQs
597,1823,bdevermu,TY7FsqJ6pm
955,1824,sitzikmv,5v3fwkWCy
546,1825,wgeeremw,WU7ZW5
420,1826,tjachimakmx,QaivSfmIWU
1828,1827,rswensonmy,IfzAG9No
186,1828,kshiremz,W0V1AjWTrpT8
1754,1829,bcerithn0,zVG0DIw9HB
1728,1830,pchappellen1,4Mvz2KjUJ
832,1831,mstonern2,jxCu5o
1775,1832,ihaggerstonn3,G10Zv6Sn
1097,1833,mclemencetn4,qn3gh96YMwUe
1628,1834,hshannahann5,DTGkubcBs4a
1145,1835,lwitherown6,UklJk6
1419,1836,pkinclan7,wsZ3a7Hf
32,1837,aalejon8,T69Hi7qpi
1120,1838,rheveyn9,2jgGCHkr9
677,1839,vrafteryna,z4CL9cKsMCi
1095,1840,smacelholmnb,TK7Fjeaf
655,1841,ldecourseync,bgvwtUV
292,1842,jroznd,XfH4y9Joi4
1901,1843,kalsterne,491JE4Ht
1428,1844,ssalliernf,A2SiQw
266,1845,tfineyng,hfv6F1i60d
992,1846,bduffrienh,VK82lHxw
1656,1847,shardwinni,x8yq6KeU5
1144,1848,kkeechnj,DibkS0gA
56,1849,unormadellnk,i92fB5ru
1608,1850,jziehmnl,EMPiXwQ
153,1851,rcharnocknm,VVodOmuPkwz
637,1852,rbinnynn,Of9a0piaUVG
1950,1853,nsnowsillno,8SnlMEn0LyvW
340,1854,dbiddlenp,X7AVNKu
896,1855,rdoynq,qesHcrBanoaM
640,1856,ewarstallnr,WogCXp0vM
1940,1857,ddessaurns,BgP10YiF0N
1715,1858,abridgelandnt,9B8DgQl9Zp
1518,1859,ctrimbeynu,UjioyG3agcL
633,1860,phandasidenv,30LrlZpkdLK
400,1861,ssharmanw,F71XMSXU99i
1928,1862,aciccettinx,U7npa4
210,1863,wkrochmannny,UkacSqV5
725,1864,ntejadanz,8f7Abhf
559,1865,bcroppo0,88qEREkc6
1929,1866,oemerineo1,gAxxBYX1
362,1867,cruncieo2,4WujM2bf
127,1868,rthuilliero3,UJxuZSrcy
1488,1869,mlavisteo4,Nz9ywIRH
1552,1870,uivesono5,5ptcz4Xk6v
645,1871,gprahmo6,4glXlHvrW
728,1872,dwickeso7,dl0no24vA
1205,1873,afliggo8,GsrHBwRkRUb
648,1874,jespinhao9,6OswUC
1755,1875,nglazyeroa,5WZ60HdIzD
922,1876,gmcgoonob,aEn8Nnx
1537,1877,jchristofleoc,4FeRgjVzJaCg
1202,1878,baulettaod,oFZ584
1306,1879,ksolomonidesoe,3Tgp6tA8B
1753,1880,mrichardtof,HlZrtMSv
317,1881,mshirleyog,bs7aTy5Fx
1987,1882,hmortoh,M36SHwz9x
1085,1883,ecoyshoi,8pmil4tK7SO
1246,1884,wlungeoj,SAWaNp7Swd
1390,1885,ngreenstedok,HyscIF4ODDW7
599,1886,rdumiganol,sRuXpQP0TshK
1670,1887,akurtenom,uGeQ3t
1719,1888,khydechamberson,5dxHGUS7
730,1889,ischirakoo,y2ifa1dQ7R
667,1890,ghaddyop,euKqYPzO6Nw
73,1891,cdyettoq,59kNWYA7
449,1892,wjurickor,42U4bwoE2
1262,1893,rchaceos,YjINEkpCM
1160,1894,abrendeot,gEve1IJT
19,1895,ttuffeyou,CFPsIR0EK
77,1896,cpaoloniov,Js8EoWd6SRz
1854,1897,cwoollamow,NB5SrL
682,1898,kstanislawox,appxdc5C
1435,1899,bpomfrettoy,aeizwF9kJ
354,1900,iheasmanoz,N2wiEC9tZC5t
1462,1901,lturpeyp0,R4Wo3rE
1836,1902,nscamerdenp1,Db67fyzuA
589,1903,hhovyp2,bSa47BmLE
1324,1904,sgherardellip3,rpPNVML
1656,1905,njenkingp4,7mkmZ17dif
390,1906,ddemageardp5,qbPoIAn
1583,1907,dcorrp6,2AuA2MBKyo
1313,1908,gmilkinsp7,DR7ZwMnX
600,1909,mdaniellip8,kHbYdvk9jAc0
1694,1910,sbaudinp9,1kdlXvh
399,1911,ifaseypa,4BI9vYU8HB9d
1245,1912,vfowlespb,43tW001Gw
1409,1913,oaronsteinpc,mr12PJ
1130,1914,aarltpd,udAa2OLQT
563,1915,mmacgorriepe,RWoDV5N45m7h
693,1916,dhudspethpf,OHy7GhDvfNm
1397,1917,dblainepg,3ERKI5SppJBN
669,1918,jcalkenph,Tf3rCOeR
1342,1919,bseggiepi,SrB6VnZENC
1877,1920,dmorcompj,nYz3Aj2Ra
960,1921,dhurdisspk,yljoHryG
233,1922,agiacopazzipl,Si40Ki4cT1r
1007,1923,rpittfordpm,OlOU4mFYo
315,1924,pdaytonpn,RWaXR2FlX
1049,1925,tshortpo,0cbUpts
1862,1926,sbarbeypp,5CW0AMLtq
1450,1927,kbraikenridgepq,TruXPxKWI
1422,1928,eridgwellpr,C7agNm5F
1995,1929,lmoraleeps,WZr9QSj
596,1930,dkeddlept,dZDUXeEENzFh
1921,1931,ealesiopu,JhT33fpC
1668,1932,molczykpv,dOuz1O
472,1933,omapstonpw,xSTOQNQ7
835,1934,mcordiepx,vTEzL1GW
1354,1935,amaltbypy,P8ufuuqVkRtl
1996,1936,afacherpz,hn1xs1G5bzJq
1401,1937,lvinickq0,PDPrMN1
1065,1938,aspillettq1,MFldO51MjX
637,1939,muphamq2,fxrHX0
1771,1940,kmacbethq3,feH2oSAa7vTx
1997,1941,valeksandrovq4,vF1XDQo
219,1942,dgantzq5,K13A1rwxhD
959,1943,msambellq6,25XcT5f5w
1236,1944,jrossonq7,fQyHxCijzj4
989,1945,jmccamishq8,GTBYRZA5Y8n
920,1946,escreaseq9,0etsZoSvRX
286,1947,jgonthardqa,7xoqaAdlL
667,1948,gbrombellqb,qK3ONsVnIot
701,1949,ccumberbatchqc,XCpb3qvdYVMT
1487,1950,cnorwayqd,I5KuvP
1644,1951,lrusselqe,9ds1Ziph
1185,1952,ithursfieldqf,3Cz75dYndty
1821,1953,vtonepohlqg,icIJ4PJs1q4
174,1954,mjenicekqh,nF6lutb
1418,1955,hhellwingqi,fDFL2H
273,1956,rbradmanqj,BQSHsWdxF
1343,1957,tgowersqk,UdCfvJ5f
736,1958,gbergql,xta7Kr
116,1959,mcheyneyqm,d1LOUQs
526,1960,ashaneqn,cHcBwqT
1952,1961,lraffeortyqo,gdvwCX
1241,1962,estockneyqp,EbhEToPn9
1361,1963,thapperqq,8Q1WRxw
1766,1964,cpoundfordqr,YfG0WG0sIfr8
991,1965,phellmerqs,ntmeZzR8ostg
1038,1966,akinsmanqt,B7EryVhv
295,1967,ihemmingwayqu,AgOhHjIzD5cp
738,1968,ldraycottqv,sAJyFX9EUP
1566,1969,pstampferqw,mTYLuMUeY
751,1970,mmelroseqx,A89ph2lFLDCm
541,1971,mmullerqy,uSNXe1lShM
1381,1972,aatleeqz,1bG16LrY7
1650,1973,rdallingr0,EYkUEOMv167F
586,1974,vsimpkinsr1,KIzCfvfdQF7
1808,1975,ahorsfieldr2,5QBymzbp
1678,1976,kricardsr3,GdauOjh2vfSm
1034,1977,rscneiderr4,MWnJQ62LDlDi
1841,1978,amcgivenr5,SOwpKHTUDyJo
277,1979,gtolottir6,FifW88DEwqqR
1767,1980,lmcnaer7,Qu3FuSgyH2
12,1981,bfesbyr8,nbj6opFhimH
1600,1982,sfaudrier9,tJq3zYjli
1883,1983,goertzenra,jzAYC7hu1M0p
695,1984,skensyrb,LRHeKPCL3
168,1985,bgierokrc,YHWr9ykLYnf7
1903,1986,ccallenrd,CyGnbnhXBu9
1444,1987,cruppelere,elQz6tTCkC
1010,1988,ahaggertyrf,3dgDJ2xqf
1827,1989,wvliesrg,KXNqwzUZk
309,1990,aguitterh,4nES8TJ
475,1991,drustichri,489o989D
1639,1992,lfarranrj,baFSXv
1501,1993,alaitrk,FLEcxZqHafx
632,1994,kbraywoodrl,shJ4ZuwMUSE4
688,1995,fcoatrm,PZ283r
1776,1996,hhardwidgern,p8g4rFZzj6
1817,1997,rwastiero,xV2mWU
658,1998,rjancarp,7wdWkYMuT
1712,1999,mhassellrq,1lzLctsS
1256,2000,yandresserrr,QAhDYmttegG